vi,en
"

Hạn mức này chưa khai bảo đảm nào nên khả dụng thực tế đang bằng 0. Mở hạn mức '%(f)s' rồi làm MỘT trong hai cách:
• Khai số vào ô ""Bảo đảm khai ban đầu"" — dùng khi ngân hàng cấp trên cả rổ tài sản mà hồ sơ không tách được từng tài sản;
• Hoặc phân bổ tài sản bảo đảm cho mục đích này ở tab Phân bổ TSBĐ.","

This facility has no collateral recorded, so its actual availability is 0. Open facility '%(f)s' and do ONE of the following:
• Enter a figure in ""Opening collateral"" — for when the bank granted the limit against a basket of assets that the file cannot break down;
• Or allocate collateral to this facility on the Collateral allocation tab."
"
%(n)s kỳ còn Dự kiến đã được ghi thẳng lãi suất mới khi áp dụng phụ lục, nên không có gì hồi tố.","
%(n)s period(s) still Planned were written with the new rate when the amendment was applied, so there is nothing to backdate."
 (từ %s), (from %s)
""" ở trên cập nhật ngay sau khi lưu (đỏ = đã vượt tổng HĐTD). Cần khai lại tổng + chia theo tỷ lệ tự động, bấm",""" above updates as soon as you save (red = the credit contract total is exceeded). To restate the total and split it proportionally, click"
% HM bảo lãnh đã dùng,% guarantee limit used
% HM cho vay đã dùng,% lending limit used
% phí KW trên lãi,% note fee on interest
% phí Khế ước trên lãi,% promissory note fee on interest
% phí trên lãi,% fee on interest
% trên lãi,% on interest
% đã thế chấp,% pledged
%(hd)s — kỳ %(k)s/%(n)s,%(hd)s — period %(k)s/%(n)s
"%(n)s hồ sơ thiếu Hóa đơn. NH yêu cầu mỗi hồ sơ phải có hoá đơn của nhà thầu — nếu đây là tiền trả trước khi có hoá đơn, đổi ""Loại hồ sơ"" sang Tạm ứng.","%(n)s dossier(s) have no Invoice. The bank requires an invoice from the contractor on every dossier — if this is money paid before any invoice exists, switch ""Dossier type"" to Advance payment."
%(n)s hồ sơ tạm ứng chưa khai Bên nhận tạm ứng. NH cần biết tiền đi đâu.,%(n)s advance-payment dossier(s) have no Advance payee. The bank needs to know where the money goes.
%s (bản sao),%s (copy)
%s kỳ lịch lãi dự kiến sẽ được tính lại.,%s planned interest period(s) will be recomputed.
"(244 — NH trả lại khi giải toả, nên có nút","(244 — the bank returns it on release, hence the button"
(Dự kiến / Đã ghi nhận / Trả một phần / Đã trả đủ) → view List để xem chi tiết từng kỳ + filter quick.,(Planned / Recognised / Partly paid / Fully paid) → switch to the list view for per-period detail and quick filters.
"(Ký, ghi rõ họ tên)",(Signature and full name)
(Legacy) Tất toán đề nghị — khôi phục hạn mức.,(Legacy) Settle the request — restores the limit.
(chưa có),(none yet)
(chưa nhập),(not entered)
(chỉ định kỳ cụ thể) và,(a specific period is designated) and
"(cột ""Tỷ lệ cho vay"") hoặc cấu hình mặc định theo","(the ""Advance rate"" column) or the default configured on"
(cột).,(columns).
(hàng) ×,(rows) ×
(không đổi),(unchanged)
(ngày phát hành,(issued on
(nếu NH cấp mới) rồi phân bổ số tiền hạn mức cho từng facility. Hạn mức mới mỗi facility không được nhỏ hơn phần đã dùng; Σ phân bổ phải ≤ tổng hạn mức mới.,"(if the bank granted a new one), then allocate the limit to each facility. No facility may end below what it has already used; Σ allocations must be ≤ the new total limit."
) vượt giá trị hiện hành của TS (,) exceeds the current value of the asset (
). Cân nhắc gia hạn hoặc giải tỏa.,). Consider extending or releasing it.
). Kiểm tra lại số tiền đảm bảo trên các pledge.,). Check the secured amounts on the pledges.
", chia giá trị ở tab",", split the value on the tab"
", kiểm tỷ giá rồi ghi sổ.",", check the rates, then post."
", sau đó chia giá trị đóng góp của nó cho từng",", then split its base contribution across each"
". Các facility liên thông sẽ chia sẻ phần thừa hạn mức với nhau (vd: Vay đầu tư còn 200 tỷ + Bảo lãnh còn 100 tỷ → cả 2 đều thấy ""Còn lại"" = 300 tỷ và bên nào rút trước cũng được, miễn Σ used ≤ Σ limit của pool).",". Pooled facilities share their spare limit with each other (e.g. investment lending with 200bn left + guarantees with 100bn left → both show ""Remaining"" = 300bn and either can draw first, as long as Σ used ≤ Σ limit of the pool)."
. Không dùng mục nào nữa thì bỏ tick,. Untick whichever item is no longer used
. Không đem thế chấp tiếp được.,. It cannot be pledged any further.
. Ngân hàng sẽ yêu cầu định giá lại trước khi cho rút thêm — thêm một dòng ở tab,. The bank will require a new valuation before allowing any further drawdown — add a line on the tab
". Vẫn khai được (hạn mức hợp đồng), nhưng phần vượt chỉ rút được khi bổ sung TSBĐ hoặc nghiệm thu thêm sản lượng với CĐT.",". It can still be recorded (contractual limit), but the excess can only be drawn once more collateral is pledged or more work is certified with the owner."
". Âm là lãi, ghi ngược lại.",. A negative figure is a gain and is posted the other way round.
. Đối ứng phụ thuộc bản chất khoản trả nên không đoán được:,". The counter-account depends on what is being paid, so it cannot be guessed:"
1 tài sản có thể thế chấp NHIỀU HĐTD ở các NGÂN HÀNG KHÁC NHAU — miễn Σ giá trị đảm bảo không vượt giá trị TS.,One asset can be pledged under SEVERAL credit contracts at DIFFERENT BANKS — as long as Σ secured value does not exceed the asset value.
30 ngày tới &amp; back-to-back,Next 30 days &amp; back-to-back
6 tháng,6 months
: Nợ 1121 / Có 3411 (hoặc 3412 dài hạn),: Dr 1121 / Cr 3411 (or 3412 for long term)
: Nợ 33531 / Có 1121,: Dr 33531 / Cr 1121
: Nợ 3411/3412 / Có 1121,: Dr 3411/3412 / Cr 1121
: Nợ 635 (hoặc 241 capitalize) / Có 33531,: Dr 635 (or 241 when capitalised) / Cr 33531
: hồ sơ loại,: a dossier of type
: khế ước nhận nợ chỉ chọn được hạn mức thuộc nhóm,: a promissory note can only pick a facility in the group
<b>Phân bổ lại hạn mức facility:</b><br/>,<b>Facility limits reallocated:</b><br/>
<b>Phụ lục %(n)s</b> (%(t)s): %(d)s,<b>Addendum %(n)s</b> (%(t)s): %(d)s
<b>Điều chỉnh tổng hạn mức HĐTD:</b> %(o)s → <b>%(n)s</b><br/>,<b>Credit contract total limit changed:</b> %(o)s → <b>%(n)s</b><br/>
<b>Định giá lại TSBĐ:</b> %(asset)s<br/>• Giá trị tài sản: %(ov)s → <b>%(nv)s</b><br/>• Giá trị đảm bảo: %(os)s → <b>%(ns)s</b><br/>• Phương pháp: %(m)s%(ap)s,<b>Collateral revalued:</b> %(asset)s<br/>• Asset value: %(ov)s → <b>%(nv)s</b><br/>• Secured value: %(os)s → <b>%(ns)s</b><br/>• Method: %(m)s%(ap)s
<br/><b>Phân bổ lại hạn mức facility:</b><br/>,<br/><b>Facility limits reallocated:</b><br/>
"= Bảo đảm khai ban đầu + Σ TSBĐ (kể cả IPC) đã PHÂN BỔ cho mục đích này − số tiền đã sử dụng. Floor 0.
Mục đích LIÊN THÔNG thì tính trên cả bể: Σ cơ sở bảo đảm của nhóm liên thông − Σ đã sử dụng của nhóm.
TSBĐ đã thế chấp nhưng CHƯA phân bổ thì không làm tăng khả dụng của mục đích nào.","= Opening collateral + Σ collateral (IPCs included) ALLOCATED to this facility − amount used. Floored at 0.
For POOLED facilities it is computed over the whole pool: Σ borrowing base of the pooled group − Σ amount used by the group.
Collateral that is pledged but NOT yet allocated raises no facility's availability."
= Bảo đảm khai ban đầu + Σ TSBĐ đã phân bổ. Mục đích LIÊN THÔNG thì cộng cả bể.,= Opening collateral + Σ allocated collateral. For POOLED facilities the whole pool is added up.
= Dư nợ gốc + Dư nợ lãi.,= Outstanding principal + outstanding interest.
= Giá trị BL × tỷ lệ × số ngày hiệu lực / 365. User sửa được nếu NH tính khác.,= Guarantee amount × rate × days in force / 365. Editable if the bank computes it differently.
"= Giá trị BL − Tổng các đợt thanh toán loại ""Tiền gốc"". Auto-settle yêu cầu mục này = 0.","= Guarantee amount − total of the ""Principal"" instalments. Auto-settlement requires this to be 0."
= Giá trị hiện hành − Đã đem thế chấp. Số tiền tối đa có thể đem TS này thế chấp thêm cho HĐTD khác (cùng NH hoặc NH khác).,= Current value − already pledged. The most this asset can still secure under another credit contract (same bank or a different one).
"= Giá trị hiện tại × Tỷ lệ cho vay. Phần ngân hàng chấp nhận làm cơ sở bảo đảm, chưa trừ phần đã thế chấp.","= Current value × Advance rate. The part the bank accepts as borrowing base, before deducting what is already pledged."
"= Giá trị đánh giá lại − Số đang ghi sổ. Dương là nghĩa vụ trả nợ TĂNG, tức là LỖ tỷ giá.","= Revalued amount − carrying amount. A positive figure means the liability INCREASES, i.e. an FX LOSS."
= Gốc còn phải trả + Lãi còn phải trả + Phí còn phải trả (báo cáo Lịch lãi quá hạn — backlog 1091).,= Principal still due + interest still due + fees still due (Overdue interest schedule report).
"= Hạn mức − Đã dùng đầu kỳ. Ô này chỉ để ĐỐI CHIẾU với xác nhận số dư của ngân hàng; muốn sửa thì sửa ô ""Đã dùng đầu kỳ"".","= Limit − opening amount used. This field is only for RECONCILING against the bank balance confirmation; to change it, edit ""Opening amount used""."
= Không) thì không phát sinh dòng phí — báo cáo giữ nguyên như cũ.,= None) no fee line is generated and the report stays exactly as before.
= Ký cược − khấu trừ (không âm). Có thể sửa tay.,= Security deposit − deductions (never negative). Editable.
"= Lãi suất (%%/năm) × Dư nợ gốc. Không đọc riêng con số này — nó tồn tại để tính LÃI SUẤT BÌNH QUÂN GIA QUYỀN trong Pivot:  tổng cột này ÷ tổng Dư nợ gốc.
Vì sao cần: trung bình cộng lãi suất là SAI. Một KW 1 tỷ lãi 12%% và một KW 100 tỷ lãi 8%% cho trung bình cộng 10%%, trong khi lãi suất thực trả bình quân là 8,04%%.","= Interest rate (%%/year) × outstanding principal. Do not read this figure on its own — it exists to compute the WEIGHTED AVERAGE RATE in a pivot: the sum of this column ÷ the sum of outstanding principal.
Why it is needed: a plain average of rates is WRONG. A 1bn note at 12%% and a 100bn note at 8%% give a plain average of 10%%, while the real weighted rate is 8.04%%."
= Lãi tính lại − Lãi đã ghi nhận. Dương là phải thu thêm.,= Recomputed interest − interest already recognised. A positive figure is additional interest to collect.
= Phí BL + Ký quỹ + Phạt.,= Guarantee fee + margin deposit + penalty.
"= Số tiền KW − Đã trả gốc. Theo nghiệp vụ VN: KW ký nhận nợ toàn bộ số tiền cam kết; dư nợ giảm dần khi trả gốc. Lưu ý: nếu đã giải ngân không đủ số tiền KW, vẫn tính theo cam kết — disbursement chỉ tracking dòng tiền thực.","= Note amount − principal repaid. Vietnamese practice: signing the note acknowledges the whole committed amount as debt, and the balance falls as principal is repaid. Note: if less than the note amount has been disbursed, the commitment still governs — disbursements only track the actual cash."
= Số tiền giải ngân − Σ hồ sơ. Phải bằng 0 khi gửi NH.,= Disbursement amount − Σ dossiers. Must be 0 when submitting to the bank.
= Số đang ghi sổ ÷ dư nợ nguyên tệ. Chỉ để đối chiếu.,= Carrying amount ÷ outstanding in foreign currency. For reconciliation only.
= Tiền gốc phải trả + Tiền lãi + Phí kỳ.,= Principal due + interest + period fee.
= Tổng HĐTD − Tổng đã dùng. Là số tiền tối đa toàn HĐTD còn có thể rút thêm (gộp mọi mục đích).,= Credit contract total − total used. The most the whole contract can still draw (across all facilities).
= Tổng hạn mức HĐTD − Σ hạn mức các facility. Âm = vượt.,= Credit contract total limit − Σ facility limits. Negative means it is exceeded.
= Tổng hạn mức mới − Σ hạn mức các facility. Âm = vượt.,= New total limit − Σ facility limits. Negative means it is exceeded.
= Tổng kỳ − Số tiền đã thanh toán.,= Period total − amount already paid.
= Tổng lãi dự kiến − Đã trả lãi.,= Total planned interest − interest paid.
= giá trị đem thế chấp × tỷ lệ cho vay; đó mới là số được chia xuống các mục đích bên dưới.,= pledged value × advance rate; that is the figure split across the facilities below.
"= min(Giá trị đảm bảo theo HĐ thế chấp, Giá trị hiện hành TS theo định giá mới nhất) × tỷ lệ cho vay. Định giá lại TSĐB GIẢM → base giảm theo (khả dụng HĐTD/facility giảm); tăng thì vẫn trần ở giá trị đảm bảo đã ký (muốn tăng phải ký phụ lục). TS chưa định giá → dùng giá trị đảm bảo. Chỉ tính pledge đang thế chấp.","= min(secured value in the pledge agreement, current asset value per the latest valuation) × advance rate. A revaluation DOWN lowers the base accordingly (credit contract / facility availability drops); a revaluation up is still capped at the secured value already signed (raising it requires an addendum). An asset with no valuation uses the secured value. Only active pledges count."
"= min(Tổng hạn mức, Cơ sở bảo đảm) − tổng dư nợ. Floor 0. Không có pledge nào → bỏ ràng buộc base.","= min(total limit, borrowing base) − total outstanding. Floored at 0. With no pledge at all the base constraint is dropped."
= Đã đem thế chấp / Giá trị hiện hành × 100.,= Already pledged / current value × 100.
= Đơn giá thuê × Số lượng.,= Unit rent × quantity.
= Σ khả dụng qua các facility nhưng,"= Σ availability across the facilities, but"
= Σ phân bổ cho dự án đó trên mọi facility của HĐTD này (giá trị lặp ở các dòng cùng dự án).,= Σ allocated to that project across every facility of this credit contract (the value repeats on the lines of the same project).
= Σ(phí + ký quỹ chưa trả) × tỷ lệ phạt × số ngày quá hạn / 365. User sửa được nếu cần.,= Σ(unpaid fee + margin deposit) × penalty rate × days overdue / 365. Editable if needed.
AI đọc chứng từ,AI document reading
Actual date keys were handed over (bàn giao nhà). Resident may move in from this date.,Actual date the keys were handed over. The resident may move in from this date.
Anh/Chị/Em ruột,Sibling
Archive building vĩnh viễn?,Archive this building permanently?
Archive subzone vĩnh viễn?,Archive this subzone permanently?
"Authorizes sale activities for units in this building. For low-rise developments a ""Dãy"" is one Building with one Floor; the flag works the same way. Combined (ANDed) with project- and subzone-level flags.",Authorizes sale activities for units in this building. In low-rise developments a row of houses is one Building with one Floor; the flag works the same way. Combined (ANDed) with the project- and subzone-level flags.
Auto = giá trị × tỷ lệ × số ngày / 365. User có thể sửa tay nếu NH tính khác.,Automatic = amount × rate × days / 365. Editable if the bank computes it differently.
"Auto net-off chênh lệch lẻ kỳ %(p)s: gốc %(g)s ₫, lãi %(l)s ₫ (tổng %(t)s ₫ ≤ ngưỡng %(thr)s ₫).","Rounding difference netted off automatically for period %(p)s: principal %(g)s ₫, interest %(l)s ₫ (total %(t)s ₫ ≤ threshold %(thr)s ₫)."
Auto sinh sequence GN/YYYY/NNNNN khi save lần đầu.,A document number is generated automatically on the first save.
Auto sinh sequence ĐNBL/YYYY/NNNNN khi save.,A document number is generated automatically on save.
"Auto-load từ ""% phí KW trên lãi"" của NH khi chọn cách tính ""% trên lãi"". Sửa được per-KW.","Loaded from the bank's ""% note fee on interest"" when the ""% on interest"" method is chosen. Editable per note."
BB riêng dự án,Project-specific BB
BIÊN BẢN THANH LÝ HỢP ĐỒNG THUÊ,LEASE CONTRACT SETTLEMENT RECORD
BL %(name)s hết hạn ngày %(d)s (còn %(n)s ngày). Cân nhắc gia hạn hoặc giải tỏa.,Guarantee %(name)s expires on %(d)s (%(n)s days left). Consider extending or releasing it.
BL bị thu — NH trả thay %(a)s cho beneficiary '%(b)s'.,Guarantee called — the bank paid %(a)s to beneficiary '%(b)s'.
BL sắp hết hạn ≤30 ngày,Guarantees expiring ≤30 days
BL sắp hết hạn:,Guarantees expiring soon:
BL tự động chuyển trạng thái Hết hạn (quá 7 ngày kể từ ngày hết hạn mà chưa giải tỏa).,Guarantees move to Expired automatically (7 days past the expiry date without release).
BL đã quá hạn,The guarantee is overdue
BL: tự đặt expired + nhắc sắp hết hạn,Guarantees: auto-expire and expiry reminders
Back-to-back (cho thuê lại từ HĐ này),Back-to-back (subleased from this contract)
"Backward compat — số tiền gốc của row này. = amount khi pg_kind=principal, = 0 khi pg_kind=interest.","Backward compatibility — the principal amount of this row. = amount when pg_kind is principal, = 0 when it is interest."
"Backward compat — số tiền lãi của row này. = amount khi pg_kind=interest, = 0 khi pg_kind=principal.","Backward compatibility — the interest amount of this row. = amount when pg_kind is interest, = 0 when it is principal."
Bank advice state = draft (chưa post → chưa tạo repayment).,"Bank advices in draft state (not posted yet, so no repayment created)."
Biên bản thanh lý,Settlement record
"Borrowing base của dự án này DÙNG ĐƯỢC TẠI facility này = phần TSBĐ cầm cố riêng cho facility (ring-fence, ví dụ IPC phân bổ vào facility) + phần bể cấp HĐTD của dự án còn trống sau khi các facility khác đã tựa vào.",The project borrowing base USABLE AT this facility = collateral ring-fenced to the facility (e.g. an IPC allocated to it) + the part of the project pool at credit-contract level still free after the other facilities have drawn on it.
Borrowing base — khả dụng theo TSBĐ,Borrowing base — availability from collateral
Borrowing base — khả dụng thực tế,Borrowing base — actual availability
Báo cáo HĐTD — cho vay vs bảo lãnh,Credit contract report — lending vs guarantees
Báo cáo kế hoạch thanh toán KW theo năm,Promissory note payment plan by year
Báo cáo tổng hợp HĐTD,Credit contract summary report
Bên cho thuê / Bên đi thuê (đối tác):,Lessor / lessee (counterparty):
Bên nhận BL — vd CĐT (khi tổng thầu mua BL).,"The party receiving the guarantee — e.g. the owner, when the main contractor buys it."
Bên nhận BL — vd CĐT (khi tổng thầu mua) hoặc tổng thầu (khi nhà thầu phụ mua đưa cho tổng thầu).,The party receiving the guarantee — e.g. the owner (when the main contractor buys it) or the main contractor (when a subcontractor buys it for them).
Bên nhận tiền (Nhà thầu),Payee (contractor)
Bên nhận tạm ứng,Advance payee
Bên thụ hưởng,Beneficiary
Bên thụ hưởng (Nhà thầu),Beneficiary (contractor)
"Bên thực nhận giải ngân — chuẩn NH VN chuyển trực tiếp cho nhà thầu, KHÔNG qua tài khoản tổng thầu.","Who actually receives the disbursement — Vietnamese banks pay the contractor directly, NOT through the main contractor account."
Bên vay (công ty con),Borrower (subsidiary)
Bên xin BL,Applicant
"Bình quân lãi suất các khế ước còn dư nợ của hạn mức này, GIA QUYỀN theo dư nợ gốc. Không phải trung bình cộng — trung bình cộng cho con số sai lệch tới vài điểm phần trăm khi các khế ước chênh nhau nhiều về quy mô.","Average rate of the outstanding notes of this facility, WEIGHTED by outstanding principal. Not a plain average — a plain average can be several percentage points off when the notes differ widely in size."
"Bình quân lãi suất toàn bộ khế ước còn dư nợ dưới HĐTD này, gia quyền theo dư nợ gốc — chi phí vốn thực tế đang trả cho ngân hàng này.","Average rate of all outstanding notes under this credit contract, weighted by outstanding principal — the real cost of funds being paid to this bank."
Bù thêm chừng này vào đúng nhánh đang chặn thì khả dụng mới nhích lên (đến khi chạm nhánh kế tiếp). Ví dụ tài liệu nghiệp vụ §9.9: thiếu 48 tỷ TSBĐ → thêm IPC 80 tỷ được CĐT ký (tỷ lệ cho vay 60%) là mở khoá đúng 48 tỷ.,Add this much to whichever branch is binding and availability moves up (until the next branch binds). Example from the business spec §9.9: 48bn short of collateral → an extra IPC of 80bn signed by the owner (advance rate 60%) unlocks exactly 48bn.
Bù trừ chênh lệch (Net-off),Net off the difference
Bút toán,Journal entry
Bút toán account.move đã post cho giải ngân này.,The posted account.move for this disbursement.
Bút toán chuyển giao TS (cho thuê lại TC),Asset transfer entry (finance sublease)
Bút toán chuyển giao chỉ áp dụng HĐ CHO THUÊ LẠI TÀI CHÍNH.,The transfer entry only applies to FINANCE SUBLEASE contracts.
Bút toán ghi nhận TS thuê TC,Finance lease asset recognition entry
Bút toán ghi nhận chỉ áp dụng HĐ ĐI THUÊ TÀI CHÍNH.,The recognition entry only applies to FINANCE LEASE-IN contracts.
Bút toán kế toán,Journal entries
Bút toán kết chuyển,Closing entry
Bút toán — %s,Journal entry — %s
BẢO LÃNH OUTSTANDING THEO LOẠI,OUTSTANDING GUARANTEES BY TYPE
Bản ghi thế chấp,Pledge record
"Bản scan hoá đơn, biên bản nghiệm thu, chứng từ NH.","Scanned invoice, acceptance report, bank document."
Bảng chênh lệch chưa được duyệt.,The difference table has not been approved.
Bảng chênh lệch đã được duyệt. Muốn tính lại thì phải huỷ duyệt trước — số đã duyệt là căn cứ để xử lý tiếp.,"The difference table is approved. To recompute it, revoke the approval first — the approved figures are what everything downstream relies on."
Bảng kê chứng từ theo KW,Document list by promissory note
Bảng kê đối chiếu KW vay,Promissory note reconciliation list
Bảng này,This table
Bảng tỷ giá,Exchange rate table
Bảo lãnh,Guarantees
Bảo lãnh NH,Bank guarantee
Bảo lãnh NH — %s,Bank guarantee — %s
Bảo lãnh bên thứ ba,Third-party guarantee
Bảo lãnh bảo hành (Warranty),Warranty bond
Bảo lãnh còn lại,Guarantee limit available
Bảo lãnh của bên thứ ba cho khoản vay.,A third party guaranteeing the loan.
Bảo lãnh dự thầu (Bid Bond),Bid bond
Bảo lãnh hết hạn ngày %(d)s — còn %(n)s ngày. Đã gửi thư nhắc cho %(u)s.,The guarantee expires on %(d)s — %(n)s days left. A reminder was sent to %(u)s.
Bảo lãnh ngân hàng,Bank guarantee
Bảo lãnh sắp hết hạn,Guarantee expiring soon
Bảo lãnh thanh toán (Payment Guarantee),Payment guarantee
Bảo lãnh theo loại,Guarantees by type
Bảo lãnh thực hiện HĐ (Performance Bond),Performance bond
Bảo lãnh tạm ứng (Advance Payment),Advance payment guarantee
Bảo lãnh: nhắc sắp hết hạn,Guarantees: expiry reminders
Bảo đảm khai ban đầu,Opening collateral
Bấm,Click
Bấm vào một dòng,Click a line
Bất động sản,Real estate
Bật để nhập tiền lãi thủ công (khi NH tính lệch).,Turn this on to enter the interest by hand (when the bank computes it differently).
Bắt buộc,Required
"Bắt buộc với khoản vay ngân hàng.
Danh sách chỉ hiện hạn mức thuộc HĐTD đang HIỆU LỰC, CÒN THỜI HẠN, và có mục đích thuộc nhóm VAY. Hạn mức mục đích bảo lãnh không nhận nợ được — nó dành cho chứng thư bảo lãnh.
Không thấy HĐTD cần tìm thì kiểm lại trạng thái, ngày hết hạn và nhóm mục đích của HĐTD đó.","Required for a bank loan.
The list only shows facilities of credit contracts that are ACTIVE, STILL IN TERM and whose purpose is in the LENDING group. A guarantee facility cannot carry debt — it exists for guarantee certificates.
If the contract you want is missing, check its state, expiry date and purpose group."
Bắt đầu gửi thư nhắc khi chứng thư còn bao nhiêu ngày là hết hạn. Để 0 thì dùng mặc định %s ngày.,How many days before expiry the reminder emails start. 0 uses the default of %s days.
Bắt đầu thuê,Lease start
Bắt đầu thuê (mới),Lease start (new)
Bể chung còn trống,Shared pool still free
Bị thu (NH trả thay),Called (paid by the bank)
Bỏ,Drop
Bỏ qua,Ignored
Bỏ trống thì dùng Sổ Nhật ký Vay,Leave empty to use the Loan Journal
Bỏ trống thì dùng Sổ Nhật ký Vay khai ở Cấu hình.,Leave empty to use the Loan Journal set in Configuration.
Bốn tài khoản này bắt buộc khai,These four accounts must be set
Bổ sung tài sản,Add assets
Bổ sung tài sản: %s,Assets added: %s
Bộ lọc KW,Note filters
CHƯA hoàn tất bàn giao,Handover NOT completed
CP khấu hao %(n)s kỳ %(k)s,Depreciation expense %(n)s period %(k)s
CP lãi %(kw)s — kỳ %(p)s,Interest expense %(kw)s — period %(p)s
Certificate (Sổ hồng / Sổ đỏ),Title certificate
Chi nhánh / Mã NH,Branch / bank code
Chi nhánh NH,Bank branch
Chi nhánh NH phát hành. Lọc theo NH ở trên.,The issuing branch. Filtered by the bank above.
Chi nhánh ngân hàng,Bank branch
Chi phí,Expense
Chi phí đi thuê,Lease expense
Chi tiết,Details
Chi tiết KW trích thu,Collected notes in detail
Chi tiết các KW được trích thu,Detail of the notes collected
Chi tiết kỳ thanh toán,Payment period detail
Chi tiết theo khế ước,Details by promissory note
Chia theo tỷ lệ hiện tại,Split at the current proportions
"Chia tổng hạn mức mới theo tỷ lệ hạn mức
                                  hiện tại của từng facility",Split the new total limit in proportion to each facility current limit
Chiều,Direction
Chiều / Loại thuê,Direction / lease type
Cho thuê lại,Sublease
Cho thuê lại TÀI CHÍNH: hóa đơn kỳ tách gốc (giảm Phải thu thuê TC) + lãi (doanh thu tài chính). Bút toán chuyển tài sản sang phải thu khi bàn giao — Phase này lập tay theo hướng dẫn kế toán.,"FINANCE sublease: each period invoice splits principal (reducing the finance lease receivable) from interest (financial income). The entry moving the asset to receivables at handover is prepared manually in this phase, following the accounting guidance."
Cho thuê lại tài chính: dòng GỐC trên hóa đơn bán ghi vào TK này → giảm phải thu dài hạn.,"Finance sublease: the PRINCIPAL line of the sales invoice posts to this account, reducing the long-term receivable."
Cho vay còn lại,Lending limit available
Cho vay lại,On-lending
Cho vay lại (nội bộ),On-lending (intragroup)
Chu kỳ,Frequency
Chu kỳ mới,New frequency
"Chu kỳ thanh toán Phí BL — dùng cho nút ""Tạo lịch phí BL"" (khách hàng #11): chia phí theo đợt, số tiền mỗi đợt pro-rata theo SỐ NGÀY của đợt.","The guarantee fee payment cycle — used by the ""Generate fee schedule"" button: the fee is split into instalments, each prorated by the NUMBER OF DAYS it covers."
Chuyển giao TS %(n)s,Asset transfer %(n)s
Chuyển giao TS cho thuê TC — %(n)s,Finance lease asset transfer — %(n)s
Chuẩn NH VN:,Vietnamese banking practice:
Chào,Dear
Cháu,Grandchild / Nephew / Niece
Chênh lệch,Difference
Chênh lệch (Loan − KT),Difference (loan − accounting)
Chênh lệch (thiếu HOẶC dư) còn nằm trong ngưỡng cấu hình ở Vay > Cấu hình > Tham số phân hệ Vay. Vượt ngưỡng thì nút Net-off bị ẩn.,"The difference (short OR over) is still within the threshold set in Loans > Configuration > Loan parameters. Beyond it, the Net off button is hidden."
Chênh lệch = Giá trị đánh giá lại − Số đang ghi sổ.,Difference = revalued amount − carrying amount.
Chênh lệch NH trích dư,The bank collected too much
Chênh lệch cho thuê lại,Sublease margin
Chênh lệch cho thuê lại (lũy kế),Sublease margin (cumulative)
Chênh lệch cần net-off,Difference to net off
Chênh lệch gốc,Principal difference
Chênh lệch hồi tố,Backdated difference
"Chênh lệch kỳ %(p)s = %(d)s ₫ vượt ngưỡng %(t)s ₫. Phải tạo trả nợ chính thức cho con số này (audit trail), không net-off được.",The difference on period %(p)s = %(d)s ₫ exceeds the threshold %(t)s ₫. It needs a formal repayment entry for the audit trail; it cannot be netted off.
Chênh lệch lãi,Interest difference
Chênh lệch lãi theo kỳ do phụ lục hồi tố,Interest difference per period from a backdated amendment
Chênh lệch tối đa được net-off (₫),Maximum difference that can be netted off (₫)
Chênh lệch Δ,Difference Δ
Chưa allocate,Not allocated
Chưa chọn Kỳ áp dụng — KW này không còn kỳ nào chưa thanh toán.,No period selected — this note has no unpaid period left.
Chưa có KW nào,No promissory note yet
Chưa có KW nào — bấm 'Tải danh sách KW' trước.,No promissory note yet — click 'Load the notes' first.
Chưa có bút toán,No journal entry yet
Chưa có bảng chênh lệch để duyệt.,There is no difference table to approve.
Chưa có chứng từ,No document yet
Chưa có giao dịch nào,No transactions yet
Chưa có phiếu đánh giá lại tỷ giá nào,No FX revaluation sheet yet
"Chưa có sổ nhật ký ngân hàng để ghi phiếu chi. Khai ""Tài khoản chuyển tiền"" trên đợt thanh toán, hoặc đặt sổ mặc định ở Vay > Cấu hình.","There is no bank journal to post the payment. Set the ""Transfer account"" on the instalment, or a default journal in Loans > Configuration."
Chưa có sổ nhật ký ngân hàng để ghi phiếu thu.,There is no bank journal to post the receipt.
Chưa cấu hình Sổ Nhật ký Vay cho company '%s'.,No Loan Journal configured for company '%s'.
Chưa cấu hình tài khoản '%(f)s' cho company '%(c)s'. Vào Settings → Loan Accounts để map.,Account '%(f)s' is not configured for company '%(c)s'. Go to Settings → Loan Accounts to map it.
Chưa ghi sổ,Not posted
"Chưa khai ""%(l)s"" cho công ty ""%(c)s"". Vào Cấu hình → Tài khoản vay để khai.","""%(l)s"" is not set for company ""%(c)s"". Go to Configuration → Loan accounts to set it."
Chưa khai Người phụ trách (PIC) — hệ thống không biết gửi thư nhắc hết hạn cho ai.,No person in charge is set — the system does not know who to send the expiry reminder to.
"Chưa khai Sổ Nhật ký Vay cho công ty ""%s"". Vào Cấu hình → Tài khoản vay để khai.","No Loan Journal is set for company ""%s"". Go to Configuration → Loan accounts to set it."
"Chưa khai tài khoản kế toán cho khoản ""%(k)s"".
Vào Vay > Cấu hình > Tham số phân hệ Vay, mục ""Kế toán thanh toán bảo lãnh"" để khai — không có tài khoản thì phiếu chi hạch toán vào đâu cũng sai.","No account is set for ""%(k)s"".
Go to Loans > Configuration > Loan parameters, section ""Guarantee payment accounting"" — without an account the payment would be posted to the wrong place whatever happens."
Chưa lên hóa đơn,Not invoiced
Chưa nhắc hết hạn được:,Expiry reminder could not be sent:
Chưa phân bổ,Not allocated
Chưa phân bổ TSBĐ nào,No collateral allocated yet
"Chưa phân bổ: phiếu chưa đăng.
Đã phân bổ đủ: tiền NH trích đã vào hết các kỳ (phần lẻ còn lại nằm trong ngưỡng net-off).
Phân bổ dư: NH trích NHIỀU HƠN số các kỳ cần, phần thừa vượt ngưỡng net-off nên phải phân bổ tiếp sang kỳ khác.","Not allocated: the advice is not posted yet.
Fully allocated: everything the bank collected has landed on periods (any remainder is within the net-off threshold).
Over-allocated: the bank collected MORE than the periods needed, and the surplus exceeds the net-off threshold, so it must be carried on to other periods."
Chưa thanh toán,Unpaid
Chưa tính,Not computed
Chưa tất toán,Not settled
Chưa xác định,Undetermined
Chưa đối soát,Not reconciled
Chấm dứt sớm,Early termination
Chấm dứt sớm HĐ thuê,Early termination of the lease
Chấm dứt sớm hợp đồng này? Các kỳ chưa lên hóa đơn sẽ không thu/trả nữa.,Terminate this contract early? Periods not yet invoiced will no longer be charged or paid.
Chấm dứt sớm ngày %(d)s. Phạt/bồi thường: %(p)s. Lý do: %(r)s. Các kỳ chưa lên hóa đơn sẽ không thu/trả nữa.,Early termination on %(d)s. Penalty / compensation: %(p)s. Reason: %(r)s. Periods not yet invoiced will no longer be charged or paid.
Chỉ BL Đã huỷ mới đưa về Nháp được.,Only a cancelled guarantee can be reset to draft.
Chỉ BL Đã kích hoạt mới tất toán được (legacy).,Only an activated guarantee can be settled (legacy).
Chỉ BL Đã phát hành / Gia hạn / Bị thu mới tất toán được.,"Only an issued, extended or called guarantee can be settled."
Chỉ BL Đã phát hành / Đã gia hạn mới giải tỏa được.,Only an issued or extended guarantee can be released.
Chỉ BL đang hiệu lực mới có thể bị thu.,Only a guarantee in force can be called.
Chỉ BL ở trạng thái Nháp mới phát hành được.,Only a draft guarantee can be issued.
Chỉ HĐ CHO THUÊ LẠI mới link HĐ đi thuê gốc.,Only a SUBLEASE contract can link to an originating lease-in contract.
Chỉ HĐTD Hiệu lực/Hết hạn mới tất toán được.,Only an active or expired credit contract can be settled.
Chỉ HĐTD đang Hiệu lực mới hết hạn được.,Only an active credit contract can be marked expired.
Chỉ HĐTD đã huỷ mới đưa về Nháp được.,Only a cancelled credit contract can be reset to draft.
Chỉ Integration Admin hoặc quản trị hệ thống được mô phỏng giao dịch ngân hàng.,Only an Integration Admin or a system administrator may simulate bank transactions.
Chỉ KW Đã huỷ hoặc Đã gửi NH mới rút về Nháp được.,Only a cancelled note or one sent to the bank can be pulled back to draft.
"Chỉ chọn được hạn mức có Mục đích thuộc nhóm ""Bảo lãnh"" và thuộc HĐTD đã kích hoạt. BL active sẽ chiếm hạn mức = giá trị BL; settled/cancelled không chiếm.","Only facilities whose purpose is in the ""Guarantee"" group and that belong to an active credit contract can be selected. An active guarantee consumes limit equal to its amount; settled or cancelled ones consume none."
Chỉ có thể kích hoạt HĐTD đang ở trạng thái Nháp.,Only a draft credit contract can be activated.
Chỉ giải ngân Đã gửi NH mới duyệt được.,Only a disbursement sent to the bank can be approved.
Chỉ giải ngân đã được NH duyệt mới chuyển tiền được.,Only a disbursement approved by the bank can be paid out.
Chỉ giải ngân ở trạng thái Nháp mới gửi NH được.,Only a draft disbursement can be sent to the bank.
Chỉ giấy báo Nháp mới xác nhận được.,Only a draft advice can be posted.
Chỉ giấy báo Đã huỷ mới về Nháp được.,Only a cancelled advice can be reset to draft.
"Chỉ gồm khế ước đã qua ngày đáo hạn mà còn dư nợ gốc. Kỳ lãi trễ của khế ước còn trong hạn xem ở báo cáo ""Lịch lãi quá hạn"".","Only notes past maturity that still carry principal. Late interest periods of notes still in term are in the ""Overdue interest schedule"" report."
Chỉ gửi NH được khi KW đang ở trạng thái Nháp.,A note can only be sent to the bank while it is draft.
Chỉ hoàn ký quỹ khi chứng thư đã kết thúc (giải toả / hết hạn / tất toán).,The margin deposit is only refunded once the certificate has ended (released / expired / settled).
"Chỉ huỷ được BL ở Nháp, Đã kích hoạt hoặc Đã phát hành.","Only a draft, activated or issued guarantee can be cancelled."
Chỉ khai khi đưa một hợp đồng tín dụng,Only fill this in when bringing in a credit contract
Chỉ kích hoạt HĐ Nháp.,Only draft contracts can be activated.
Chỉ kích hoạt được KW đang Nháp hoặc Đã gửi NH.,Only a draft note or one sent to the bank can be activated.
Chỉ nạp được khi phiếu đang ở trạng thái Nháp.,Loading is only possible while the sheet is in Draft.
Chỉ phát hành được khi đề nghị đang Đã kích hoạt.,Issuance is only possible while the request is activated.
Chỉ phụ lục đổi lãi suất mới có chênh lệch hồi tố.,Only a rate-change amendment produces a backdated difference.
"Chỉ thêm pledge ở đây khi TSBĐ chỉ bảo đảm RIÊNG Facility này (vd dự án X là TSBĐ của riêng Facility ""Vay đầu tư DA X""). Phần lớn TSBĐ nên gắn ở cấp HĐTD.","Only add a pledge here when the collateral secures THIS facility alone (e.g. project X secures only the ""Investment lending — project X"" facility). Most collateral belongs at credit-contract level."
Chỉ thông báo Nháp mới áp dụng được.,Only a draft notice can be applied.
Chỉ thông báo Đã huỷ mới về Nháp được.,Only a cancelled notice can be reset to draft.
Chỉ tạo lịch cho HĐ Nháp / Hiệu lực.,Schedules can only be generated for draft or active contracts.
Chỉ xem,Read only
Chỉ áp dụng phụ lục cho BL Đã phát hành / Đã gia hạn.,Amendments only apply to issued or extended guarantees.
Chỉ áp dụng phụ lục cho KW đã Hiệu lực.,Amendments only apply to notes in force.
Chỉ đề nghị ở trạng thái Nháp mới kích hoạt được.,Only a draft request can be activated.
Chỉ định giá lại được thế chấp đang hiệu lực.,Only an active pledge can be revalued.
Chọn 'Tài sản mục tiêu' và nhập 'Tên tài sản (mới)'.,Select the 'Target asset' and enter the 'Asset name (new)'.
Chọn 'Tài sản mục tiêu' để rút.,Select the 'Target asset' to withdraw.
Chọn NH ở trên trước...,Select the bank above first...
Chọn Nhà thầu trước...,Select the contractor first...
"Chọn Project và (tùy chọn) Building, bấm","Select a Project and (optionally) a Building, then click"
Chọn dự án mới hoặc nhập địa điểm mới.,Select a new project or enter a new location.
Chọn hoặc gõ tên mới → Create,"Select one, or type a new name → Create"
"Chọn từ danh mục đối tác có cờ ""Tổ chức thẩm định giá"" — gõ tên mới rồi Create để thêm nhanh.",Pick from the partners flagged as a valuation firm — or type a new name and click Create to add one quickly.
Chủ sở hữu,Owner
Chủ sở hữu (bên thứ ba),Owner (third party)
Chứng thư,Certificate
Chứng thư %(c)s đang ở trạng thái '%(s)s' — không huỷ đề nghị được. Xử lý chứng thư trước.,Certificate %(c)s is in state '%(s)s' — the request cannot be cancelled. Deal with the certificate first.
"Chứng thư %(c)s đã huỷ/giải toả — hạn mức bảo lãnh đã được trả lại. Đề nghị này vẫn đang ở trạng thái ""%(s)s""; huỷ nốt đề nghị nếu không phát hành lại.","Certificate %(c)s has been cancelled or released — the guarantee limit is back. This request is still in state ""%(s)s""; cancel it too unless it will be reissued."
Chứng thư BL,Guarantee certificate
Chứng thư Bảo lãnh,Guarantee certificate
Chứng thư Bảo lãnh ngân hàng,Bank guarantee certificate
Chứng thư bảo lãnh dưới đây sắp hết hạn:,The guarantee certificates below are expiring soon:
Chứng thư chi tiết NH cấp sau khi duyệt đề nghị (nếu có). Tự link / có thể chọn tay.,"The detailed certificate the bank issues after approving the request (if any). Linked automatically, or selectable by hand."
Chứng thư huỷ theo đề nghị phát hành %s.,Certificate cancelled along with issuance request %s.
Chứng thư này không có tiền ký quỹ đã nộp.,This certificate has no margin deposit paid.
Chứng thư định giá,Valuation certificate
"Chứng thư định giá của ""%(n)s"" hết hiệu lực ngày %(d)s. Tài sản đang bảo đảm cho %(c)s văn bản thế chấp, ngân hàng sẽ yêu cầu định giá lại trước khi cho rút thêm.","The valuation certificate of ""%(n)s"" expires on %(d)s. The asset secures %(c)s pledge(s), and the bank will require a new valuation before allowing any further drawdown."
Chứng thư định giá thường có hiệu lực 6-12 tháng — NH yêu cầu định giá lại khi hết hạn (khách hàng #15).,A valuation certificate is usually valid for 6-12 months — the bank requires a new valuation when it expires.
Chứng từ,Document
Chứng từ KW %s,Documents of promissory note %s
Chứng từ NH,Bank document
Chứng từ mà giao dịch này được đối soát vào.,The document this transaction is reconciled against.
Chứng từ tạm ứng,Advance payment document
Click vào dòng để mở chi tiết giải ngân (workflow Nháp → Gửi NH → NH duyệt → Đã giải ngân) — cần đính kèm hồ sơ và TK nhà thầu nhận tiền.,Click a line to open the disbursement detail (draft → sent to the bank → approved → disbursed) — it needs the file attachments and the contractor bank account.
Corporate Group (Tập đoàn),Corporate Group
Corporate group parent. Use for tập đoàn structures where a parent company on-lends to subsidiaries. Independent of the standard contact hierarchy (parent_id).,Corporate group parent. Use for group structures where a parent company on-lends to its subsidiaries. Independent of the standard contact hierarchy (parent_id).
"Cuối kỳ, số dư khoản vay có gốc ngoại tệ phải được đánh giá lại theo tỷ giá cuối kỳ (TT 200 Điều 69). Tạo phiếu, bấm","At period end, loan balances denominated in a foreign currency must be revalued at the closing rate (Circular 200, Article 69). Create a sheet, click"
Các KW,Promissory notes
Các bên + Áp dụng,Parties and scope
Các dòng phân bổ tiếp,Carry-forward lines
Các kỳ đã ghi nhận hoặc đã thanh toán giữ nguyên.,Periods already recognised or paid are left untouched.
"Các kỳ đã qua ngày đến hạn mà chưa trả đủ gốc/lãi, thuộc khế ước chưa đáo hạn. Khế ước đã đáo hạn xem ở báo cáo ""Nợ quá hạn (Aging)"".","Periods past their due date with principal or interest still unpaid, on notes that have not yet matured. Matured notes are in the ""Overdue debt (aging)"" report."
Các kỳ đã thanh toán bởi giấy báo,Periods paid by the advice
Các lần thanh toán,Payments
Các lần thanh toán — %s,Payments — %s
Các repayment đã tạo (sau khi post),Repayments created (after posting)
Các đợt thanh toán,Instalments
Các đợt trả nợ allocate vào kỳ này,Repayments allocated to this period
Cách trả gốc,Principal repayment method
Cách tính phí,Fee method
Cách tính phí KW,Note fee method
Cách điều chỉnh,Adjustment method
Còn,Remaining
"Còn %(a)s ₫ ký quỹ tại ngân hàng. Khi NH chuyển trả, bấm <b>Ghi nhận thu hoàn ký quỹ</b> để ghi phiếu thu và tất toán khoản ký quỹ.","%(a)s ₫ of margin deposit is still with the bank. When it is returned, click <b>Record the deposit refund</b> to post the receipt and clear the deposit."
Còn KW thiếu bút toán,Promissory notes still missing journal entries
Còn bút toán đang ở trạng thái đã ghi sổ. Bấm Huỷ để đảo bút toán trước.,Some journal entries are still posted. Click Cancel to reverse them first.
Còn dư,Surplus
Còn dư có thể TC thêm,Still pledgeable
Còn dư giá trị:,Value left:
Còn dư nợ,Still outstanding
Còn giá trị thế chấp,Pledgeable value left
Còn hạn,In force
Còn lại,Remaining
Còn lại HĐ,Invoice remaining
Còn nợ (phí / ký quỹ / phạt / gốc),Outstanding (fee / deposit / penalty / principal)
Còn nợ phí,Fee outstanding
Còn phân bổ dư,Still over-allocated
Còn phần,Remaining part
Còn thiếu: %s. Khai đủ rồi bấm Preview lại.,"Still missing: %s. Fill it in, then click Preview again."
Có,Credit
Có facility liên thông,Has pooled facilities
Có giá trị với phiếu THU ghi nhận ngân hàng trả lại tiền ký quỹ khi chứng thư kết thúc.,Set on the RECEIPT recording the bank returning the margin deposit once the certificate ends.
Có hao mòn TSCĐ thuê tài chính mỗi kỳ.,Credit accumulated depreciation of the finance lease asset each period.
Có kỳ hạn (Term),Term
Có kỳ lãi quá hạn,Has overdue interest periods
Có net-off,Netted off
Công ty,Company
Công ty (bên vay),Company (borrower)
Công ty con Miền Nam,Southern subsidiary
Công ty mẹ vay ngân hàng (KW nguồn) rồi cho công ty con vay lại. Chọn KW nguồn và công ty con vay.,The parent borrows from the bank (the source note) and on-lends to a subsidiary. Pick the source note and the borrowing subsidiary.
Công ty sở hữu,Owning company
Công ty thành viên sở hữu tài sản.,The group company that owns the asset.
"Căn cứ tỷ giá, quyết định phê duyệt…","Rate source, approval decision…"
CƠ CẤU HĐTD (đã cho vay / bảo lãnh / còn trống),CREDIT CONTRACT BREAKDOWN (lent / guaranteed / free)
Cơ cấu bảo lãnh,Guarantee breakdown
Cơ cấu hạn mức,Limit breakdown
Cơ cấu khế ước,Note breakdown
Cơ sở &amp; Lãi suất,Basis &amp; rate
Cơ sở bảo đảm (base tổng),Borrowing base (total)
Cơ sở bảo đảm (Σ HĐTD active),Borrowing base (Σ active credit contracts)
Cơ sở bảo đảm của mục đích,Facility borrowing base
"Cơ sở tính lãi của kỳ (dư nợ đầu kỳ với phương pháp giảm dần, hoặc gốc ban đầu với phương pháp cố định).","The interest base of the period (opening balance on the declining method, or the original principal on the flat method)."
Cạn hạn mức bảo lãnh,Guarantee limit exhausted
Cạn hạn mức cho vay,Lending limit exhausted
Cảnh báo,Warning
Cảnh báo quá thế chấp,Over-pledging warning
Cảnh báo thiếu bảo đảm,Under-collateralisation warning
Cảnh báo thiếu bảo đảm (HĐTD),Under-collateralisation warning (credit contract)
Cảnh báo: Quá TC,Warning: over-pledged
Cảnh báo: lãi suất cho vay lại (%(r)s%%) thấp hơn lãi KW nguồn %(n)s (%(sr)s%%).,Warning: the on-lending rate (%(r)s%%) is below the rate of source note %(n)s (%(sr)s%%).
Cấp bảo đảm,Collateral level
Cấp bảo đảm là,The collateral level is
"Cấp pháp lý mà TSBĐ này bảo đảm:
• HĐTD: tất cả facility + KW dưới HĐTD được bảo đảm (chuẩn VN)
• Facility: chỉ KW thuộc facility được bảo đảm
• KW: chỉ KW đó được bảo đảm (hiếm — vay từng lần riêng)","The legal level this collateral secures:
• Credit contract: every facility and note under the contract is secured (Vietnamese practice)
• Facility: only the notes of that facility are secured
• Note: only that one note is secured (rare — a standalone drawdown)"
Cấu hình Vay & Khế ước,Loan and note configuration
Cấu hình Vay &amp; Khế ước,Loan &amp; note configuration
Cấu hình tài khoản,Account configuration
Cấu hình tài khoản Quản lý Vay,Loan Management account configuration
Cấu hình tài khoản kế toán Vay,Loan accounting configuration
"Cấu trúc kỹ thuật của hạn mức (cách hoàn lại/cam kết). Khác với Mục đích — chỉ ""cái này hoạt động thế nào"".
Thấu chi và Hạn mức bảo lãnh đã ngưng dùng: không chọn mới được, bản ghi cũ giữ nguyên.","How the facility works technically (how it revolves or commits). Different from Purpose — this only says ""how this behaves"".
Overdraft and guarantee line are discontinued: they cannot be chosen for new records, existing ones are untouched."
Cần Kỳ hạn hoặc Ngày đáo hạn để sinh lịch lãi.,A term or a maturity date is needed to generate the interest schedule.
Cần Ngày kích hoạt/phát hành + Ngày hết hạn hợp lệ trước khi tạo lịch phí.,A valid activation / issue date and expiry date are needed before generating the fee schedule.
Cần Ngày nhận nợ hoặc Ngày kích hoạt để sinh lịch lãi.,A note date or an activation date is needed to generate the interest schedule.
Cần chọn Lịch trả gốc mới.,A new principal repayment plan must be chosen.
Cần chọn hạn mức bảo lãnh trước khi kích hoạt.,A guarantee facility must be selected before activation.
"Cần cài openpyxl trên server để generate template. Tạm thời copy template bằng tay theo cấu trúc:

Số HĐTD | Số khế ước | Số kỳ | Số tiền trích thu | Diễn giải","openpyxl must be installed on the server to generate the template. In the meantime, build it by hand with these columns:

Credit contract | Promissory note | Period | Amount collected | Description"
Cần nhập 'Ngày NH duyệt giải ngân' trước khi đánh dấu Đã giải ngân — lịch lãi của KW sẽ tính từ ngày này.,The 'Bank approval date' must be entered before marking it disbursed — the interest schedule of the note starts from that date.
Cần nhập Ngày đáo hạn (hoặc Kỳ hạn) trước khi kích hoạt.,A maturity date (or a term) must be entered before activation.
Cần nhập Ngày đáo hạn mới.,A new maturity date must be entered.
Cần thêm để mở khoá,Needed to unlock
Cần ít nhất 1 hồ sơ giải ngân trước khi gửi NH.,At least 1 disbursement dossier is required before submitting to the bank.
Cần điền 'Bên nhận tiền (Nhà thầu)' trước khi gửi NH.,The 'Payee (contractor)' must be filled in before sending it to the bank.
"Cần điền 'Tài khoản NH của Nhà thầu' — chuẩn NH VN chuyển trực tiếp cho nhà thầu, không qua TK tổng thầu.","The 'Contractor bank account' is required — Vietnamese banks pay the contractor directly, not through the main contractor account."
Cập nhật date_note của KW = %(d)s + regen lịch lãi.,The note date was set to %(d)s and the interest schedule regenerated.
Cố định trên gốc ban đầu,Flat on the original principal
Cổ phần / Phần vốn góp,Shares / capital contribution
Cổ phần công ty con / công ty liên kết.,Shares in a subsidiary or associate.
Cộng/trừ delta (%),Add / subtract a delta (%)
Danh mục mục đích sử dụng vốn,Use-of-funds purposes
Danh mục ngân hàng cấp tín dụng / phát hành bảo lãnh. Khai,The banks that grant credit or issue guarantees. Record them in
"Danh mục tổ chức thẩm định giá dùng khi định giá tài sản thế chấp (chứng thư định giá, định giá lại TSBĐ).","The valuation firms used when valuing pledged assets (valuation certificates, collateral revaluations)."
Danh sách TSBĐ đang đỡ lưng cho mục đích này và giá trị phân bổ của từng tài sản.,The collateral backing this facility and how much each asset contributes.
Danh sách dự án mà hạn mức này đã phân bổ tới — để nhìn lưới là biết hạn mức phục vụ công trình nào.,The projects this facility is allocated to — so the grid alone tells you which sites a facility serves.
"Danh sách hạn mức hợp lệ cho khế ước này. Form dùng nó làm bộ lọc cho ô Hạn mức — nhờ vậy khi khai khế ước từ một HĐTD cụ thể, hộp thoại ""Tìm thêm"" chỉ liệt kê hạn mức của đúng HĐTD đó.","The facilities that are valid for this note. The form uses it to filter the Facility field, so when a note is created from a specific credit contract the ""Search more"" dialog only lists that contract facilities."
Date the title certificate (sổ hồng / sổ đỏ) was issued to the owner. Routinely months to years after product handover in Vietnam.,Date the title certificate was issued to the owner. In Vietnam this routinely happens months to years after product handover.
Declared family / personal relationships of this partner. Required when this partner is a Buyer or Co-owner on an HĐMB sale contract.,Declared family / personal relationships of this partner. Required when this partner is a Buyer or Co-owner on a sale contract.
Delta khuyến nghị khi NH tăng/giảm lãi suất THAM CHIẾU — mỗi KW có biên độ riêng nên LS mới ra khác nhau.,"The suggested delta when the bank moves its REFERENCE rate — each note has its own margin, so the resulting rates differ."
Demo: dựng giao dịch đúng dạng SePay và đưa vào sổ đệm như webhook thật. Không cần tài khoản ngân hàng thật.,Demo: builds a transaction in the SePay format and feeds it into the buffer exactly like a real webhook. No real bank account needed.
Diễn giải,Description
Diễn giải (ghi vào từng phụ lục),Description (written on each amendment)
Diễn giải / căn cứ...,Description / basis...
Diễn giải / lý do phụ lục...,Description / reason for the amendment...
Diễn giải / Điều khoản,Description / terms
"Diễn giải lý do bù trừ chênh lệch — vd: ""Chênh lệch làm tròn lẻ"", ""Phí giao dịch NH"", ""Trích thiếu chuyển kỳ sau"".","Why the difference is being netted off — e.g. ""rounding difference"", ""bank transaction fee"", ""short collection carried to the next period""."
Diện tích sử dụng: the area written on the sale contract (HĐMB). Defined by Vietnamese regulation; can differ from both gross and net depending on developer policy.,Sellable area: the area written on the sale contract. Defined by Vietnamese regulation; it can differ from both gross and net area depending on developer policy.
"Diện tích thông thuỷ: usable interior, excludes walls. Must be ≤ gross area.","Net area: usable interior, walls excluded. Must be ≤ gross area."
Diện tích tim tường: includes walls. Larger of the three.,Gross area: measured to the wall centre lines. The largest of the three.
Doanh thu cho thuê lại,Sublease revenue
Duyệt bảng chênh lệch hồi tố — tổng Δ = %s.,Backdated difference table approved — total Δ = %s.
Duyệt chênh lệch,Approve the differences
Dài hạn,Long term
Dòng,Line
"Dòng giải ngân đang ghi dự án %(d)s trong khi KW %(kw)s khai dự án %(n)s — phải cùng một dự án.
(Muốn giải ngân cho nhiều dự án: bỏ trống dự án trên KW, hoặc lập KW riêng cho từng dự án.)","The disbursement line records project %(d)s while promissory note %(kw)s records project %(n)s — they must be the same project.
(To disburse for several projects: leave the project empty on the note, or issue one note per project.)"
Dòng giấy báo nợ NH,Bank debit advice lines
Dòng giấy báo — 1 KW được trích thu,Advice line — one note collected
Dòng lãi đã có bút toán %s.,This interest line already has journal entry %s.
Dòng lịch lãi,Interest schedule line
Dòng lịch lãi khế ước,Promissory note interest schedule line
Dòng lịch lãi kỳ %s đã ghi nhận thanh toán.,The interest line of period %s already has a payment recorded.
"Dòng lịch lãi loại ""Điều chỉnh"" được tạo khi apply.","An ""Adjustment"" interest line is created when it is applied."
Dòng này không có chênh lệch để net-off — số NH trích đã khớp với số các kỳ cần.,This line has no difference to net off — what the bank collected matches what the periods needed.
"Dòng phát sinh từ bù trừ chênh lệch, không phải một lần thu tiền thật. Đối chiếu sổ quỹ phải tách hai loại này.","A line created by netting off a difference, not a real cash movement. Cash reconciliation must keep the two apart."
Dòng phân bổ hạn mức trong định giá lại,Limit reallocation lines in a revaluation
Dòng phân bổ lại hạn mức,Limit reallocation line
Dòng phân bổ tiếp không thể trỏ về chính nó.,A carry-forward line cannot point at itself.
Dòng trích thu chỉ định kỳ này,Collection lines designating this period
Dòng trích thu gốc mà dòng này rót tiếp phần còn treo.,The original collection line whose unallocated remainder this line carries forward.
Dòng tài sản để rút / thay thế.,The asset line to withdraw or replace.
Dòng tô đỏ = có chênh lệch (bút toán chưa post đủ hoặc lệch).,"Lines in red have a difference (entries not fully posted, or out of line)."
Dòng wizard điều chỉnh LS hàng loạt,Mass rate-change wizard line
Dòng điều chỉnh,Adjustment line
Dòng điều chỉnh đã có tiền trả allocate — không huỷ được. Đối chiếu với NH trước.,The adjustment line already has payments allocated to it — it cannot be cancelled. Reconcile with the bank first.
Dòng đánh giá lại tỷ giá,FX revaluation lines
Dùng cho bút toán ghi nhận tài sản thuê TC (Nợ TS thuê TC / Có Nợ gốc thuê TC).,Used by the finance lease recognition entry (Dr finance lease asset / Cr finance lease liability).
DƯ NỢ GỐC THEO NGÂN HÀNG (top 6),OUTSTANDING PRINCIPAL BY BANK (top 6)
Dư nợ,Outstanding
Dư nợ (loan),Outstanding (loan)
Dư nợ dự án,Project outstanding
Dư nợ dự án đã vượt (BB riêng + phần bể chung) — cần thêm IPC được CĐT ký hoặc trả bớt nợ.,"Project outstanding already exceeds (project BB + shared pool) — more IPCs signed by the owner are needed, or some debt must be repaid."
Dư nợ facility đã vượt base riêng — NH sẽ yêu cầu bổ sung TSBĐ hoặc trả bớt nợ (margin call).,Facility outstanding already exceeds its own base — the bank will require more collateral or partial repayment (margin call).
Dư nợ giảm dần,Declining balance
Dư nợ gốc,Outstanding principal
Dư nợ gốc (loan) − Dư nợ kế toán. Khác 0 = bút toán chưa post đủ hoặc lệch.,Outstanding principal (loan) − accounting balance. Anything other than 0 means entries are not fully posted or are out of line.
Dư nợ gốc còn lại,Remaining principal
Dư nợ gốc sau kỳ,Principal after the period
Dư nợ gốc thuê TC (đi thuê),Finance lease principal (as lessee)
Dư nợ gốc thuê tài chính,Finance lease outstanding principal
Dư nợ kế toán,Accounting balance
Dư nợ lãi,Outstanding interest
Dư nợ nguyên tệ,Outstanding in foreign currency
Dư nợ theo ngân hàng,Outstanding by bank
Dư nợ thuê TC theo đối tác,Finance lease outstanding by counterparty
Dư nợ tính lãi,Interest-bearing balance
Dư nợ vay,Loan outstanding
Dương = phải THU THÊM của bên vay (lãi suất mới cao hơn). Âm = phải HOÀN LẠI.,Positive = more to COLLECT from the borrower (the new rate is higher). Negative = money to REFUND.
"Dương là nghĩa vụ trả nợ tăng, tức là","A positive figure means the liability increases, i.e. a"
Dồn tích lãi %(kw)s kỳ %(p)s,Interest accrual %(kw)s period %(p)s
Dự kiến,Planned
Dự án,Project
Dự án (ring-fence),Project (ring-fenced)
Dự án (áp dụng),Project (scope)
"Dự án BĐS · Góp vốn, hợp tác đầu tư kinh doanh dự án","Real estate project · Capital contribution, business co-operation"
"Dự án BĐS · Mua/nhận chuyển nhượng, M&A dự án","Real estate project · Purchase / transfer, project M&A"
"Dự án BĐS · Phát triển dự án (tiền SDĐ, GPMB, xây dựng, hạ tầng)","Real estate project · Development (land use fees, site clearance, construction, infrastructure)"
Dự án BĐS · Tái cấu trúc nợ dự án / trái phiếu DN BĐS,Real estate project · Debt or bond restructuring
Dự án cho phép,Allowed projects
"Dự án cho phép chọn (khách hàng #6):
- Nếu facility CÓ phân bổ dự án → chỉ các dự án trong phân bổ đó.
- Nếu facility KHÔNG có phân bổ → TẤT CẢ dự án.","Which projects can be chosen:
- If the facility HAS project allocations → only the projects in them.
- If it has NONE → every project."
Dự án mà BL này phục vụ. Optional — chỉ filter báo cáo.,The project this guarantee serves. Optional — used for report filtering only.
Dự án mà BL này phục vụ. Tự lấy từ Đề nghị phát hành BL khi phát hành chứng thư; sửa được.,The project this guarantee serves. Taken from the issuance request when the certificate is issued; editable.
"Dự án mà mục đích vay này phục vụ. Khai ở đây thì toàn bộ hạn mức được coi là của dự án đó — không phải nhập bảng ""Phân bổ dự án"" nữa (bảng đó chỉ dành cho mục đích dùng chung cho nhiều dự án; để trống ô này thì bảng hiện ra lại).","The project this facility serves. Filling it in treats the whole limit as that project's — the ""Project allocation"" table is no longer needed (that table is for a facility shared across several projects; leave this field empty and the table comes back)."
Dự án mới,New project
"Dự án thiết bị phục vụ (tham khảo, không bắt buộc).","The project the equipment serves (reference, optional)."
"Dự án thực chi từ khoản giải ngân này. Filter theo tài liệu nghiệp vụ #6: chỉ dự án phân bổ trên facility, hoặc tất cả nếu facility chưa phân bổ.","The project this disbursement actually funds. Filtered per the business spec: only the projects allocated on the facility, or all of them when the facility has no allocation."
Dự án được phân bổ,Allocated projects
Dựng sẵn,Prefilled
East (Đông),East
Facility '%(f)s' không thuộc HĐTD '%(c)s'.,Facility '%(f)s' does not belong to credit contract '%(c)s'.
Facility (1 hạn mức),Facility (one limit)
"File xlsx hoặc csv theo template chuẩn (cột: Số HĐTD, Số khế ước, Số kỳ, Số tiền trích thu, Diễn giải).","An xlsx or csv file in the standard template (columns: credit contract, promissory note, period, amount collected, description)."
File đính kèm,Attachments
Fix the errors in Excel and re-upload (bấm Set to Draft),Fix the errors in Excel and upload again (click Set to Draft)
Flag legacy. Workflow mới: theo dõi qua payment_ids + guarantee_fee_paid_amount.,Legacy flag. The new workflow tracks this through payment_ids and guarantee_fee_paid_amount.
Ghi chú,Note
Ghi chú / tình trạng tài sản,Notes / asset condition
Ghi chú khớp,Matching note
Ghi chú...,Notes...
Ghi lại tỷ giá ở đâu ra — câu hỏi đầu tiên khi bị kiểm.,Record where the rate came from — the first question an auditor asks.
Ghi nhận,Recognise
Ghi nhận TS thuê TC,Recognise the finance lease asset
Ghi nhận chuyển giao TS,Record the asset transfer
Ghi nhận lãi (accrual),Interest accrual
Ghi nhận thanh toán,Record a payment
Ghi nhận thu hoàn ký quỹ,Record the deposit refund
"Ghi nhận trả nợ từ Lịch lãi kỳ %(p)s: gốc %(g)s, lãi %(l)s, phí %(f)s.","Repayment recorded from interest period %(p)s: principal %(g)s, interest %(l)s, fee %(f)s."
Ghi nhận tài sản thuê TC trước khi lập lịch khấu hao.,Recognise the finance lease asset before generating the depreciation schedule.
Ghi nhận tài sản thuê TC — %(n)s,Finance lease asset recognition — %(n)s
Ghi sổ,Post
"Ghi sổ bút toán chênh lệch tỷ giá cho từng khế ước. Bút toán đã ghi chỉ đảo được, không xoá được. Tiếp tục?","Post the FX difference entry for each promissory note. Posted entries can only be reversed, never deleted. Continue?"
Ghi sổ khấu hao đến hạn,Post due depreciation
Gia hạn,Extension
Gia hạn thời gian,Extend the term
Giai đoạn,Phase
Giao dịch,Transaction
Giao dịch ngân hàng,Bank transaction
Giao dịch ngân hàng (sổ đệm đối soát),Bank transaction (reconciliation buffer)
"Giao dịch từ SePay (webhook), sao kê, AI đọc chứng từ hay nhập tay — gom về đây để đối soát vào IPC / đặt cọc / trả nợ.","Transactions from SePay (webhook), bank statements, AI document reading or manual entry — collected here to be reconciled against IPCs / deposits / repayments."
Giá chuyển quyền sở hữu khi hết hạn (thường tượng trưng).,Transfer-of-ownership price at the end of the term (usually nominal).
Giá mua lại cuối kỳ,End-of-term purchase price
Giá trị,Amount
Giá trị (mới),Value (new)
Giá trị + Phí,Amount and fee
Giá trị + Thời gian,Amount and dates
Giá trị BL,Guarantee amount
Giá trị BL %(b)s lớn hơn khả dụng thực tế %(a)s của hạn mức '%(f)s'. Sẽ không lưu được nếu không giảm xuống.,The guarantee amount %(b)s is larger than the actual availability %(a)s of facility '%(f)s'. It cannot be saved unless reduced.
"Giá trị BL (%(b)s) vượt khả dụng thực tế của hạn mức '%(f)s' (%(a)s). Số bảo lãnh phát hành được căn theo tài sản bảo đảm đang có, không phải theo trần hạn mức ngân hàng cấp.","The guarantee amount (%(b)s) exceeds the actual availability of facility '%(f)s' (%(a)s). What can be issued is driven by the collateral on hand, not by the limit ceiling the bank granted."
Giá trị BL mới,New guarantee amount
Giá trị BL mới phải > 0.,The new guarantee amount must be > 0.
Giá trị BL phải > 0.,The guarantee amount must be > 0.
Giá trị HĐ,Invoice total
Giá trị NH cam kết trả nếu vi phạm.,The amount the bank undertakes to pay on default.
"Giá trị bảo đảm đỡ lưng cho mục đích này mà KHÔNG tách được theo từng tài sản — thường là hạn mức ngân hàng cấp ban đầu trên một rổ tài sản chung, hồ sơ không ghi tài sản nào đóng góp bao nhiêu.
Khai tay ở đây, hệ thống CỘNG THÊM vào phần TSBĐ đã phân bổ chi tiết. Về sau tách được tài sản nào thì khai phân bổ cho tài sản đó rồi trừ bớt số này xuống, tránh đếm trùng.","Collateral value backing this facility that CANNOT be broken down per asset — typically the limit the bank granted at the outset against a basket of assets, with no record of how much each asset contributes.
Entered by hand here, it is ADDED ON TOP of the collateral allocated in detail. Once an asset can be separated out, record its allocation and reduce this figure accordingly, otherwise the same asset is counted twice."
Giá trị cho vay được,Lendable value
Giá trị còn lại,Residual value
Giá trị còn lại có thể thế chấp,Value still available to pledge
Giá trị cũ,Old value
Giá trị hiện hành,Current value
Giá trị hoá đơn − Σ các hồ sơ giải ngân khác đang gắn cùng hoá đơn này (bỏ hồ sơ đã huỷ).,Invoice total − Σ of the other disbursement dossiers linked to this same invoice (cancelled dossiers excluded).
Giá trị hóa đơn,Invoice total
Giá trị mới,New value
Giá trị phân bổ,Allocated value
Giá trị phân bổ không được âm.,The allocated value cannot be negative.
Giá trị tài sản,Asset value
Giá trị tài sản (tham khảo / bảo hiểm).,Asset value (reference / insurance).
Giá trị tài sản dùng đảm bảo cho khoản vay này.,The asset value securing this loan.
Giá trị tài trợ,Financed value
Giá trị đem thế chấp,Pledged value
Giá trị đánh giá lại,Revalued amount
Giá trị đã đem thế chấp,Value already pledged
Giá trị đảm bảo,Secured value
Giá trị đảm bảo (%(s)s) vượt giá trị còn lại của tài sản '%(t)s' sau khi trừ các thế chấp khác. Tối đa cho pledge này: %(m)s.,The secured value (%(s)s) exceeds the remaining value of asset '%(t)s' once the other pledges are deducted. The maximum for this pledge is %(m)s.
Giá trị đảm bảo hiện tại,Current secured value
Giá trị đảm bảo khai lại theo kết quả định giá — thường ≤ giá trị định giá mới. Đây là số chảy vào cơ sở bảo đảm (borrowing base) nếu dùng.,"The secured value restated after the valuation — usually ≤ the new valuation. This is the figure that feeds the borrowing base, where that is used."
Giá trị đảm bảo không được âm.,The secured value cannot be negative.
Giá trị đảm bảo mới,New secured value
Giá trị đảm bảo đang lớn hơn giá trị định giá mới — hệ thống tự co về bằng giá trị định giá. Sửa lại nếu HĐ thế chấp quy định khác.,The secured value is higher than the new valuation — the system caps it at the valuation. Change it if the pledge agreement says otherwise.
Giá trị đảm bảo đã điều chỉnh,Adjusted secured value
Giá trị định giá không được âm.,The valuation cannot be negative.
Giá trị định giá mới,New valuation
Giá trị định giá mới phải > 0.,The new valuation must be > 0.
Giá trị:,Amount:
Giải chấp,Release
Giải chấp '%(c)s' khi HĐTD '%(ct)s' còn %(n)s KW có dư nợ gốc.,'%(c)s' released while credit contract '%(ct)s' still has %(n)s note(s) with outstanding principal.
Giải chấp tài sản,Release the asset
Giải chấp tài sản bảo đảm,Release the collateral
Giải ngân,Disbursement
Giải ngân %(kw)s — %(ref)s,Disbursement %(kw)s — %(ref)s
Giải ngân khế ước,Note disbursement
Giải ngân này đã có bút toán %s.,This disbursement already has journal entry %s.
Giải tỏa / Bị thu,Release / call
Giải tỏa BL / L-C,Release the guarantee / L-C
Giải tỏa BL — beneficiary trả lại chứng thư cho NH.,Guarantee released — the beneficiary returned the certificate to the bank.
Giảm / rút tài sản,Reduce / withdraw assets
Giấy báo,Advice
Giấy báo NH,Bank advice
Giấy báo nợ (Trích thu tự động),Debit advice (automatic collection)
Giấy báo nợ NH,Bank debit advice
Giấy báo nợ NH (trích thu tự động KW),Bank debit advice (automatic collection on notes)
Giấy báo nợ chờ áp dụng,Debit advices awaiting posting
Giấy báo phải có ít nhất 1 dòng KW trích thu.,An advice must have at least one collection line.
"Gross Area (Tim tường, m²)",Gross Area (m²)
Gõ tên mới rồi Create để thêm nhanh tổ chức TĐG vào danh mục.,Type a new name and click Create to add a valuation firm quickly.
Gốc,Principal
Gốc còn,Principal left
Gốc còn lại,Remaining principal
Gốc còn phải trả,Principal still due
Gốc kỳ,Principal of the period
Gốc phải trả,Principal due
Gốc thuê TC — %(l)s,Finance lease principal — %(l)s
Gốc đã trả,Principal paid
Gốc đến hạn (luỹ kế),Principal due (cumulative)
Gốc đều,Equal principal
Gốc/Lãi/Phí,Principal / interest / fee
"Gồm cả ""Đã dùng đầu kỳ"" (phần đã chạy trước khi vào hệ thống). Phần trong hệ thống tính theo Loại hạn mức:
• Tuần hoàn / Thấu chi: = Σ DƯ NỢ GỐC các KW chưa tất toán (khi trả gốc, hạn mức được KHÔI PHỤC tự động — vd KW vay 2 tỷ trả gốc 1 tỷ → đã dùng giảm còn 1 tỷ → còn lại tăng thêm 1 tỷ).
• Có kỳ hạn / Bảo lãnh / L/C: = Σ SỐ TIỀN KW đã cam kết (không hoàn — đã rút là chiếm hạn mức đến hết kỳ).","Includes the ""Opening amount used"" (what was already running before the system). The part inside the system depends on the facility type:
• Revolving / overdraft: = Σ OUTSTANDING PRINCIPAL of the unsettled notes (repaying principal RESTORES the limit automatically — a 2bn note repaid by 1bn drops usage to 1bn and frees 1bn).
• Term / guarantee / L/C: = Σ COMMITTED NOTE AMOUNTS (never restored — once drawn, the limit is taken for the whole term)."
Gửi Ngân hàng,Send to the bank
Gửi thư nhắc ngay,Send the reminder now
HM đã cấp,Limit granted
Hai bên xác nhận đã hoàn tất nghĩa vụ theo hợp đồng và các phụ lục kèm theo; biên bản này là căn cứ thanh lý hợp đồng.,Both parties confirm that the obligations under the contract and its addenda have been fulfilled; this record is the basis for settling the contract.
Hao mòn %(n)s kỳ %(k)s,Accumulated depreciation %(n)s period %(k)s
High-Rise / Chung cư,High-rise / Apartment
"Hiếm — vay từng lần có TSBĐ riêng. Đa số dùng pledge cấp HĐTD/Facility, KW kế thừa qua all_pledge_ids.",Rare — a one-off drawdown with its own collateral. Most cases pledge at contract or facility level and the note inherits it.
"Hiện TS:
• Sẵn sàng (chưa thế chấp lần nào), hoặc
• Thế chấp 1 phần (còn dư giá trị có thể đem TC thêm).
KHÔNG hiện: đã thế chấp hết / quá thế chấp / đã thanh lý.","Shows assets that are:
• Available (never pledged), or
• Partly pledged (value left to pledge).
It does NOT show: fully pledged, over-pledged or disposed assets."
Hiệu lực,Active
Hiệu lực hồi tố,Backdated effect
Hiệu lực đến,In force until
Hoàn ký cược,Security deposit refund
Hoàn ký quỹ cho BL,Deposit refund for guarantee
Hoàn ký quỹ — BL %s,Deposit refund — guarantee %s
Hoá đơn,Invoice
"Hoá đơn: giải ngân trả hoá đơn nhà thầu đã xuất.
Tạm ứng: trả trước theo hợp đồng, chưa có hoá đơn.","Invoice: disbursement pays an invoice already issued by the contractor.
Advance payment: paid up front under the contract, no invoice yet."
Hoạt động,Operating
Huỷ,Cancelled
Huỷ / Giải toả,Cancel / release
Huỷ KW — huỷ theo %(n)s đợt giải ngân chưa chuyển tiền.,Note cancelled — %(n)s undisbursed drawdown(s) cancelled with it.
Huỷ chứng thư bảo lãnh này? Hạn mức bảo lãnh sẽ được trả lại ngay.,Cancel this guarantee certificate? The guarantee limit is released immediately.
Huỷ duyệt,Revoke the approval
Huỷ duyệt bảng chênh lệch hồi tố.,Approval of the backdated difference table revoked.
Huỷ giấy báo? Toàn bộ repayments đã tạo từ giấy báo này sẽ bị xoá.,Cancel the advice? Every repayment created from it will be deleted.
Huỷ qua phụ lục %s,Cancelled through amendment %s
Huỷ theo đề nghị %s,Cancelled along with request %s
Huỷ thông báo? Dòng điều chỉnh trong lịch lãi (nếu có) sẽ bị gỡ.,Cancel the notice? The adjustment line in the interest schedule (if any) will be removed.
Huỷ trước hạn,Early cancellation
Huỷ đề nghị này? Chứng thư bảo lãnh sinh ra từ nó sẽ được giải toả và hạn mức trả lại.,Cancel this request? The guarantee certificate it produced will be released and the limit returned.
Hàng năm,Yearly
Hàng quý,Quarterly
Hàng tháng,Monthly
Hàng tồn kho,Inventory
"Hành động này chỉ dùng cho KW thuộc Hạn mức bảo lãnh hoặc Hạn mức L/C. Với KW vay thông thường, dùng Trả nợ để tất toán.","This action is only for notes on a guarantee or L/C facility. For an ordinary loan note, settle it with a repayment."
Hóa đơn,Invoice
Hóa đơn của kỳ này chưa vào sổ — xác nhận (post) hóa đơn trước khi thanh toán.,The invoice for this period is not posted — post it before paying.
Hóa đơn từ nhà thầu (vendor bill). Lọc theo bên nhận tiền trên giải ngân. Chọn được hoá đơn CHƯA thanh toán và ĐÃ thanh toán MỘT PHẦN; bỏ hoá đơn đã trả đủ hoặc đã đảo.,Vendor bill from the contractor. Filtered by the payee on the disbursement. Unpaid and PARTIALLY paid invoices can be selected; fully paid or reversed invoices are excluded.
HĐ %(n)s chưa Hiệu lực — kích hoạt trước khi lên hóa đơn.,Contract %(n)s is not active — activate it before invoicing.
HĐ %(n)s: khai TK cho dòng GỐC (tab Kế toán — TK nợ gốc thuê TC hoặc TK phải thu thuê TC) trước khi lên hóa đơn kỳ tài chính.,Contract %(n)s: set the account for the PRINCIPAL line (Accounting tab — finance lease liability or finance lease receivable account) before invoicing a finance period.
HĐ Nháp chưa cần thanh lý.,A draft contract does not need settlement.
HĐ cho thuê lại,Sublease contract
HĐ cho thuê lại — %(n)s,Sublease contract — %(n)s
HĐ gốc phải là HĐ ĐI THUÊ.,The originating contract must be a LEASE-IN contract.
HĐ hiệu lực,Active contracts
HĐ hiệu lực theo ma trận 2×2,Active contracts in the 2×2 matrix
HĐ thuê,Lease contract
HĐ thuê...,Lease contract...
HĐ đi thuê gốc,Originating lease-in contract
HĐ đã có %(n)s kỳ lên hóa đơn — không tạo lại lịch được (huỷ hóa đơn trước).,The contract already has %(n)s invoiced period(s) — the schedule cannot be regenerated (cancel the invoices first).
HĐ đã kết thúc / chấm dứt — không áp dụng phụ lục.,The contract has ended or been terminated — no addendum can be applied.
HĐ đã kết thúc.,The contract has ended.
HĐ đã thanh lý.,The contract is already settled.
HĐTD,Credit contract
"HĐTD ""%(c)s"" đang ở trạng thái ""%(s)s"" — chỉ nhận nợ được trên HĐTD đang Hiệu lực.","Credit contract ""%(c)s"" is in state ""%(s)s"" — debt can only be drawn on an active contract."
"HĐTD ""%(c)s"" đã hết hạn ngày %(d)s — không nhận nợ thêm được. Cần ký phụ lục gia hạn, hoặc dùng HĐTD khác.","Credit contract ""%(c)s"" expired on %(d)s — no further drawdown is possible. Sign an extension addendum, or use another contract."
"HĐTD ""%(n)s"" đang ở trạng thái ""%(s)s"" — chỉ nhận nợ được trên HĐTD đang Hiệu lực.","Credit contract ""%(n)s"" is in state ""%(s)s"" — debt can only be drawn on an active contract."
"HĐTD ""%s"" chưa khai hạn mức nào. Khai mục đích sử dụng vốn trước rồi mới nhận nợ được.","Credit contract ""%s"" has no facility yet. Record the use-of-funds purposes before drawing any debt."
HĐTD (toàn HĐ),Credit contract (whole contract)
HĐTD chưa có facility nào để phân bổ hạn mức.,The credit contract has no facility to allocate the limit to.
HĐTD còn chưa cấp,Credit contract amount not yet allocated
HĐTD còn lại (Σ),Credit contract remaining (Σ)
HĐTD có ít nhất 1 facility tick liên thông — các facility liên thông chia sẻ phần thừa hạn mức với nhau.,The contract has at least one pooled facility — pooled facilities share their spare limit with each other.
HĐTD không khớp,Credit contract mismatch
HĐTD liên quan còn %s khế ước có dư nợ gốc. Giải chấp sẽ làm hạn mức khả dụng giảm theo.,The related credit contract still has %s note(s) with outstanding principal. Releasing the collateral lowers the available limit accordingly.
HĐTD là hợp đồng khung ký với ngân hàng. Dưới mỗi HĐTD khai báo các hạn mức (facility); mỗi lần rút vốn tạo 1 khế ước nhận nợ.,"A credit contract is the framework agreement signed with the bank. Facilities are recorded under it, and each drawdown creates one promissory note."
HĐTD này có facility tick,This contract has facilities ticked
HĐTD sắp hết hạn ≤90 ngày,Credit contracts expiring ≤90 days
HĐTD đang hiệu lực,Active credit contracts
HĐTD → Khế ước → Gốc/Lãi/Phí,Credit contract → note → principal / interest / fee
HĐTD-2026/001,CC-2026/001
HĐTD-2026/002,CC-2026/002
HĐTD-2026/003,CC-2026/003
Hướng dẫn,Guide
Hạch toán trên khế ước,Accounting on the promissory note
Hạn hiệu lực định giá,Valuation valid until
Hạn mức,Facility
"Hạn mức ""%(ten)s"": đã dùng đầu kỳ %(dung)s vượt quá chính hạn mức %(han)s.

Nếu ngân hàng thực sự đã giải ngân quá trần thì đó là một phụ lục nâng hạn mức chưa được nhập, không phải số đầu kỳ.","Facility ""%(ten)s"": the opening amount used %(dung)s exceeds the limit itself %(han)s.

If the bank really did disburse above the ceiling, that is an un-entered addendum raising the limit, not an opening balance."
Hạn mức (Facility),Facility
Hạn mức (cấp),Limit (granted)
Hạn mức (facility),Facility
Hạn mức + HĐTD,Facility and credit contract
Hạn mức BL,Guarantee facility
Hạn mức HĐTD còn lại,Credit contract limit remaining
Hạn mức HĐTD sau điều chỉnh (NH cấp mới / ký phụ lục). Mặc định = hạn mức hiện tại; sửa lại nếu có thay đổi.,The credit contract limit after the change (a new grant or a signed addendum). Defaults to the current limit; edit it if it changed.
Hạn mức L/C,L/C line
Hạn mức bảo lãnh,Guarantee limit
Hạn mức bảo lãnh còn lại,Guarantee limit remaining
Hạn mức cho vay,Lending limit
Hạn mức cho vay còn lại,Lending limit remaining
"Hạn mức còn có thể rút thêm. Tự động cập nhật khi:
• Tạo / huỷ KW (mọi loại)
• Giải ngân thêm trên KW (mọi loại)
• Trả gốc KW (CHỈ với revolving / overdraft — hoàn hạn mức)","The limit still available to draw. Updated automatically when:
• a note is created or cancelled (any type)
• a further disbursement is made (any type)
• principal is repaid (ONLY on revolving / overdraft, which restore the limit)"
Hạn mức còn của facility,Facility limit remaining
"Hạn mức có Mục đích thuộc nhóm ""Bảo lãnh"" mà BL này dùng.
Hạn mức bị chiếm TỪ LÚC ĐỀ NGHỊ ĐƯỢC KÍCH HOẠT (backlog 732), không chờ tới lúc phát hành chứng thư. Phát hành xong thì chứng thư chiếm THAY đề nghị — tổng không đổi.","The facility with a ""Guarantee"" purpose that this guarantee draws on.
The limit is consumed FROM THE MOMENT THE REQUEST IS ACTIVATED, not when the certificate is issued. Once issued, the certificate consumes it INSTEAD of the request — the total does not change."
Hạn mức dài hạn dự án,Long-term project facility
Hạn mức hiện tại,Current limit
Hạn mức liên thông,Pooled limit
Hạn mức mới,New limit
Hạn mức mới của facility '%(f)s' (%(new)s) nhỏ hơn phần đã dùng (%(used)s) — không thể cấp thấp hơn dư nợ/cam kết hiện hữu.,The new limit of facility '%(f)s' (%(new)s) is below what it has already used (%(used)s) — a limit cannot be set below existing debt or commitments.
Hạn mức mới facility '%(f)s' (%(new)s) nhỏ hơn phần đã dùng (%(used)s).,The new limit of facility '%(f)s' (%(new)s) is below what it has already used (%(used)s).
Hạn mức phân bổ cho dự án,Limit allocated to the project
Hạn mức theo dự án,Limits by project
Hạn mức trung hạn (Term),Medium-term facility (term)
Hạn mức tài trợ thi công các công trình trọng điểm.,A facility funding construction of the key projects.
Hạn mức tín dụng,Credit facility
Hạn mức tín dụng (Facility),Credit facility
Hạn mức vốn lưu động,Working capital facility
Hạn mức vốn lưu động (Revolving),Working capital facility (revolving)
Hạn mức đang dùng,Limit in use
Hạn mức được phép chọn,Selectable facilities
Hạn thanh toán,Payment due date
Hạn định giá,Valuation deadline
Hằng năm,Yearly
Hằng quý,Quarterly
Hằng tháng,Monthly
Hết hạn,Expired
Hồ sơ,File
Hồ sơ giải ngân,Disbursement dossiers
Hồ sơ giải ngân (hoá đơn),Disbursement dossier (invoice)
Hồ sơ giải ngân chờ duyệt,Disbursement dossiers awaiting approval
"Hồ sơ giải ngân state ∈ {draft, submitted}.",Disbursement dossiers in state draft or submitted.
Hợp đồng thuê,Lease contracts
Hợp đồng thuê tài sản,Asset lease contract
Hợp đồng tín dụng,Credit contract
Hợp đồng tín dụng (HĐTD),Credit contract
Hủy,Cancel
"ID giao dịch từ nguồn (SePay payload id). Khoá idempotent — cùng nguồn + cùng ID = cùng một giao dịch, không tạo lại.","Transaction ID from the source (SePay payload id). Idempotency key — same source + same ID means the same transaction, never created twice."
ID nguồn (chống trùng),Source ID (deduplication)
Import Giấy báo nợ NH,Import a bank debit advice
Import giấy báo nợ NH,Import a bank debit advice
In biên bản thanh lý,Print the settlement record
"Issuing authority and location, e.g. ""Cục CSQLHC về TTXH"".","Issuing authority and location, e.g. ""Department of Administrative Management of Social Order""."
"Journal để post bút toán nghiệp vụ vay. Khuyến nghị 1 journal riêng ""Loan Journal"" type general.","The journal used to post loan entries. A dedicated ""Loan Journal"" of type general is recommended."
KHÔI PHỤC tự động,RESTORED automatically
KHÔNG khôi phục,NOT restored
KHẾ ƯỚC ĐÁO HẠN THEO MỐC THỜI GIAN,PROMISSORY NOTES BY MATURITY BUCKET
"KW %(kw)s khai dự án %(p)s nhưng có %(n)s dòng giải ngân đang ghi dự án khác (%(o)s).
Sửa dự án ở các dòng giải ngân cho khớp, hoặc bỏ trống dự án trên KW.","Promissory note %(kw)s records project %(p)s but %(n)s disbursement line(s) record a different project (%(o)s).
Align the project on those disbursement lines, or leave the project empty on the note."
KW %s: LS mới âm (%.2f%%).,Note %s: the new rate is negative (%.2f%%).
KW '%(n)s' không có kỳ số %(p)s,Note '%(n)s' has no period %(p)s
KW '%(n)s' không thuộc Facility '%(f)s'.,Note '%(n)s' does not belong to facility '%(f)s'.
KW '%s' đã đóng (state=%s).,Note '%s' is closed (state=%s).
KW (1 khế ước),Note (a single note)
KW chưa có bút toán,Promissory notes with no journal entry
KW chưa kích hoạt — sửa thẳng ô Ngày kích hoạt trên form.,The note is not activated — edit the activation date directly on the form.
KW còn dư nợ,PNs with outstanding balance
"KW có kỳ đã thanh toán sau ngày hiệu lực — phần đó cần Thông báo Nợ/Có của NH, wizard không tính lại.",The note has periods paid after the effective date — those need a debit/credit notice from the bank; the wizard does not recompute them.
KW của bút toán (related từ account.move). Cho phép pivot phát sinh theo KW.,The promissory note of the entry (related from account.move). Allows pivoting movements by note.
KW nguồn (vay NH),Source note (bank loan)
KW nguồn phải là khoản vay ngân hàng.,The source note must be a bank loan.
KW phát sinh bút toán này (giải ngân / lãi / trả nợ). Tự set khi user click Post trên dòng liên quan.,The promissory note that generated this entry (disbursement / interest / repayment). Set automatically when the user clicks Post on the related line.
KW rút vốn cho công trình nào. Nên chọn khi facility có phân bổ dự án — KW không gắn dự án sẽ ăn vào phần TSBĐ chung khi tính khả dụng theo dự án.,Which project this note draws funds for. Worth filling in when the facility is allocated by project — a note with no project eats into the shared collateral when project availability is computed.
KW sắp đáo hạn ≤30 ngày,PNs maturing ≤30 days
KW sắp đáo hạn ≤90 ngày,PNs maturing ≤90 days
KW thiếu bút toán,Notes missing journal entries
KW đáo hạn theo mốc,PN maturities by bucket
"KW đã huỷ, không điều chỉnh được.",The note is cancelled and cannot be adjusted.
KW được trích thu. Chỉ hiện KW ở trạng thái Hiệu lực / Trả một phần / Quá hạn (KW Nháp/Đã gửi NH/Đã tất toán/Huỷ không trích thu được).,"The note being collected. Only notes that are in force, partly paid or overdue are listed (draft, sent-to-bank, settled and cancelled notes cannot be collected)."
Khai chi nhánh ngân hàng,Record a bank branch
Khai hạn mức (facility) mới,Record a new facility
Khai khế ước mới,Record a new note
Khai lại,Restate
Khai lại giá trị đảm bảo,Restate the secured value
Khai đủ Sổ nhật ký + TK chi phí khấu hao + TK hao mòn lũy kế trước.,"Set the journal, the depreciation expense account and the accumulated depreciation account first."
Khai đủ Sổ nhật ký + TK phải thu thuê TC + TK tài sản (tab Kế toán) trước.,"Set the journal, the finance lease receivable account and the asset account (Accounting tab) first."
Khai đủ Sổ nhật ký + TK tài sản thuê TC + TK nợ gốc thuê TC (tab Kế toán) trước.,"Set the journal, the finance lease asset account and the finance lease liability account (Accounting tab) first."
Khai đủ TK khấu hao + sổ nhật ký trên HĐ %(n)s.,Set the depreciation accounts and the journal on contract %(n)s.
Khi CHO THUÊ LẠI thiết bị đang đi thuê — link về HĐ đi thuê gốc để theo dõi chênh lệch (back-to-back).,When SUBLEASING equipment that is itself leased in — link back to the originating contract to track the margin (back-to-back).
"Khi NH trích thu tự động các KW đến hạn, import giấy báo (credit advice) tại đây để hệ thống auto-allocate vào lịch lãi/gốc của từng KW.","When the bank collects the due notes automatically, import the advice here and the system allocates it to the interest and principal schedule of each note."
"Khi NH đổi lãi suất hồi tố sau khi doanh nghiệp đã thanh toán kỳ lãi, NH phát hành thông báo Nợ (truy thu) hoặc Có (truy hoàn). Ghi nhận tại đây và áp dụng vào kỳ chưa thanh toán — hệ thống tạo dòng ""Điều chỉnh"" trong lịch lãi, không sửa kỳ đã trả.","When the bank changes a rate retroactively after an interest period has been paid, it issues a debit notice (to collect more) or a credit notice (to refund). Record it here and apply it to an unpaid period — the system adds an ""Adjustment"" line to the schedule instead of editing a paid period."
Khi lãi vay KHÔNG capitalize — vào CP tài chính (vd TK 635).,When interest is NOT capitalised — charged to financial expenses (e.g. account 635).
Khi lãi vay capitalize vào dự án xây dựng (vd TK 241 — VAS TT 200 §54).,When interest is capitalised into a construction project (e.g. account 241 — VAS Circular 200 §54).
Khoản cho vay lại,On-lending
Khoản cho vay lại cần chọn Bên vay (công ty con).,An on-lending needs a borrower (the subsidiary).
Khoản cho vay lại cần chọn KW nguồn (vay NH).,An on-lending needs a source note (the bank loan).
Khoản phải thu · Bao thanh toán bên bán (chiết khấu phải thu),Receivables · Seller factoring (receivable discounting)
Khoản phải thu · Bao thanh toán bên mua (tài trợ chuỗi cung ứng),Receivables · Buyer factoring (supply chain finance)
Khoản phải thu · Vay bảo đảm bằng quyền đòi nợ KL hoàn thành (IPC),Receivables · Borrowing secured on certified work receivables (IPC)
Khoản vay ngân hàng cần chọn Hạn mức (facility).,A bank loan needs a facility.
Khác,Other
Khác · Bù đắp tài chính,Other · Financial top-up
Khác · Thấu chi,Other · Overdraft
Khác · Tái cấp vốn / cơ cấu nợ,Other · Refinancing / debt restructuring
Không,None
Không bị chặn,Not blocked
"Không có chênh lệch hồi tố để tính.
Từ ngày hiệu lực %(d)s trở đi, khế ước chưa có kỳ lãi nào ở trạng thái đã ghi nhận / đã thanh toán — mà chỉ những kỳ đó mới phải tính lại.","There is no backdated difference to compute.
From the effective date %(d)s onward the note has no interest period that is recognised or paid — and only those have to be recomputed."
Không có chênh lệch nào để kết chuyển.,There is no difference to close out.
Không có dòng nào hợp lệ để tạo giấy báo. Kiểm tra cột 'Trạng thái' để fix lỗi.,No valid line to build an advice from. Check the 'Status' column to fix the errors.
Không có dòng nào phát sinh chênh lệch để ghi sổ.,No line has a difference to post.
Không có khế ước ngoại tệ nào còn dư nợ. Khế ước cùng đồng tiền với công ty (%s) không phải đánh giá lại.,No foreign-currency promissory note has an outstanding balance. Notes in the company currency (%s) are not revalued.
Không có khế ước quá hạn,No overdue notes
Không có kỳ lãi quá hạn,No overdue interest periods
Không có phí,No fee
Không phát sinh chênh lệch,No difference arises
Không sinh lịch lãi cho KW đã huỷ.,No interest schedule is generated for a cancelled note.
Không thể còn %(x)s kỳ — đã có %(b)s kỳ lên hóa đơn.,Cannot leave %(x)s period(s) — %(b)s period(s) are already invoiced.
Không thể huỷ HĐTD đã tất toán.,A settled credit contract cannot be cancelled.
Không thể huỷ KW đã có phát sinh trả gốc.,A note with principal repayments cannot be cancelled.
Không thể huỷ KW đã tất toán.,A settled note cannot be cancelled.
Không thể huỷ giải ngân đã chuyển tiền.,A disbursement already paid out cannot be cancelled.
Không thể rút xuống %(x)s kỳ — đã có %(b)s kỳ lên hóa đơn.,Cannot shorten to %(x)s period(s) — %(b)s period(s) are already invoiced.
Không thể xoá HĐTD '%s' khi còn hạn mức. Huỷ thay vì xoá để giữ vết.,"Credit contract '%s' cannot be deleted while it still has facilities. Cancel it instead, to keep the trail."
Không thể xoá KW '%s' đã có giải ngân/trả nợ. Huỷ thay vì xoá để giữ vết.,"Note '%s' cannot be deleted once it has disbursements or repayments. Cancel it instead, to keep the trail."
Không thể xoá giải ngân đã giải ngân (state='disbursed'). Huỷ thay vì xoá để giữ vết.,"A disbursement that has been paid out cannot be deleted. Cancel it instead, to keep the trail."
Không thể xoá phụ lục đã áp dụng (giữ vết). Tạo phụ lục mới để điều chỉnh.,"An applied amendment cannot be deleted, to keep the trail. Raise a new amendment to change it."
Không thể đưa BL %s về Nháp.,Guarantee %s cannot be reset to draft.
Không thể đưa giải ngân ĐÃ GIẢI NGÂN về Nháp.,A disbursement already PAID OUT cannot be reset to draft.
Không tìm thấy KW,Note not found
Không tìm thấy KW '%s',Note '%s' not found
Không tìm thấy KW active/trả một phần nào theo bộ lọc.,No note in force or partly paid matches the filter.
"Không tìm thấy mẫu thư ""Bảo lãnh sắp hết hạn"". Nâng cấp lại module re_guarantee để nạp lại mẫu.","The ""Guarantee expiring soon"" email template was not found. Upgrade the re_guarantee module to reload it."
Không tự tính,Not computed automatically
Không xoá thông báo Đã áp dụng — huỷ trước để gỡ dòng điều chỉnh (giữ vết audit).,An applied notice cannot be deleted — cancel it first so the adjustment line is removed and the audit trail stays intact.
"Không xoá được mục đích dựng sẵn ""%(n)s"". Bỏ tick ""Đang dùng"" để ẩn nó khỏi ô chọn.","The built-in purpose ""%(n)s"" cannot be deleted. Untick ""In use"" to hide it from the selection."
"Không xoá được phụ lục ""%(n)s"" đã áp dụng cho chứng thư %(g)s. Muốn đảo thay đổi thì lập phụ lục mới.","Amendment ""%(n)s"" has already been applied to certificate %(g)s and cannot be deleted. Issue a new amendment to reverse the change."
"Không xoá được tài sản ""%(n)s"": đã có %(c)s văn bản thế chấp gắn vào (kể cả đã giải chấp). Chỉ xoá được tài sản ở trạng thái ""Sẵn sàng — chưa thế chấp"".","Asset ""%(n)s"" cannot be deleted: %(c)s pledge(s) are attached to it (including released ones). Only an asset that is ""Available — never pledged"" can be deleted."
"Không xoá được tài sản ""%s"" đã thanh lý — giữ lại để tra cứu lịch sử.","Disposed asset ""%s"" cannot be deleted — it is kept for historical reference."
"Không xoá được văn bản thế chấp đã giải chấp (%(c)s, giải chấp ngày %(d)s). Giữ lại để truy vết; nếu nhập nhầm thì dùng nút ""Đặt lại hiệu lực"".","A released pledge cannot be deleted (%(c)s, released on %(d)s). It is kept for the trail; if it was entered by mistake, use the ""Reinstate"" button."
Không đổi,Unchanged
"Không đổi được MÃ của mục đích dựng sẵn ""%(n)s"". Mã này được mã nguồn và dữ liệu cũ tham chiếu tới — đổi là mất liên kết của các hạn mức đang dùng nó. Sửa TÊN thì được.","The CODE of the built-in purpose ""%(n)s"" cannot be changed. The code is referenced by the source and by existing data — changing it breaks the link for every facility using it. The NAME can be changed."
Khả dụng dự án,Project availability
Khả dụng dự án = min(phân bổ còn lại; BB riêng dự án + bể chung còn trống − dư nợ dự án; khả dụng facility). Các dòng,Project availability = min(allocation remaining; project BB + shared pool still free − project outstanding; facility availability). The lines
Khả dụng thực tế,Actual availability
Khả dụng thực tế (HĐTD),Actual availability (credit contract)
Khả dụng thực tế (theo TSBĐ),Actual availability (from collateral)
Khả dụng đầu kỳ,Opening availability
Khấu hao,Depreciation
Khấu hao TS thuê TC %(n)s — kỳ %(k)s,Finance lease asset depreciation %(n)s — period %(k)s
Khấu hao chỉ áp dụng HĐ ĐI THUÊ TÀI CHÍNH.,Depreciation only applies to FINANCE LEASE-IN contracts.
"Khấu hao đường thẳng theo tháng (Nợ CP khấu hao / Có hao mòn lũy kế). Cron hằng tháng tự ghi sổ kỳ đến hạn; hoặc bấm ""Ghi sổ khấu hao đến hạn"".","Straight-line monthly depreciation (Dr depreciation expense / Cr accumulated depreciation). A monthly cron posts the due periods automatically, or click ""Post due depreciation""."
Khấu trừ khác,Other deductions
Khấu trừ sửa chữa / hư hỏng,Repair / damage deductions
Khế ước,Promissory note
"Khế ước %(name)s đáo hạn ngày %(d)s, dư nợ gốc %(o)s.",Note %(name)s matures on %(d)s with %(o)s of principal outstanding.
Khế ước (KW),Promissory note
Khế ước (match),Note (matched)
Khế ước chưa có bút toán nào trên tài khoản vay. Dòng này bị loại khỏi bút toán đánh giá lại.,This promissory note has no entry at all on the loan account. The line is excluded from the revaluation entry.
Khế ước không khai phí (,The note has no fee recorded (
Khế ước nhận nợ,Promissory note
Khế ước nhận nợ (KW),Promissory note
Khế ước nhận nợ chỉ chọn được hạn mức có mục đích phân loại là Vay; bảo lãnh thì ngược lại.,A promissory note can only pick a facility whose purpose is classified as lending; guarantees are the other way round.
Khế ước nhận nợ mới — %s,New promissory note — %s
Khế ước vay ngân hàng tài trợ cho khoản cho vay lại này.,The bank loan note funding this on-lending.
Khế ước đến hạn,Notes due
Khế ước — %s,Promissory note — %s
Kiểm tra danh sách dưới đây. Chỉ các dòng,Check the list below. Only the lines
Kiểu chênh lệch,Difference type
Kích hoạt,Activate
"Kích hoạt đề nghị BL %(a)s trên hạn mức %(f)s — hạn mức bị chiếm TỪ BÂY GIỜ, không chờ tới lúc phát hành chứng thư.","Guarantee request %(a)s activated on facility %(f)s — the limit is consumed FROM NOW, not when the certificate is issued."
Ký cược / đặt cọc,Security deposit
Ký cược mới,New security deposit
Ký cược đã nhận/đặt,Security deposit received / placed
Ký cược − khấu trừ (không âm).,Security deposit − deductions (never negative).
Ký quỹ,Margin deposit
Ký quỹ (%),Margin deposit (%)
Ký quỹ + Phạt,Margin deposit and penalty
Ký quỹ còn phải nộp,Margin deposit still payable
Ký quỹ đã nộp,Margin deposit paid
Kế hoạch,Plan
Kế hoạch = số CÒN phải trả tháng đó (= due - đã trả). Khi đã trả đủ kỳ → kế hoạch = 0 (row không xuất hiện). Đã trả = số thực tế đã trả từ trả nợ thực tế.,Plan = what is STILL due that month (= due − paid). Once a period is fully paid the plan is 0 and the row disappears. Paid = what the actual repayments came to.
Kế hoạch thanh toán KW theo năm,Note payment plan by year
Kế hoạch thanh toán theo tháng,Monthly payment plan
Kế hoạch trả gốc,Principal repayment plan
Kế toán,Accounting
Kế toán thanh toán bảo lãnh,Guarantee payment accounting
Kết chuyển 635 / 515,Close out to 635 / 515
Kết chuyển chênh lệch tỷ giá %s,FX difference closing %s
Kết chuyển lãi tỷ giá %s,FX gain closing %s
Kết chuyển lỗ tỷ giá %s,FX loss closing %s
Kết chuyển toàn bộ chênh lệch tỷ giá sang chi phí / doanh thu tài chính. Tiếp tục?,Close the whole FX difference out to financial expenses / income. Continue?
Kết quả,Result
Kết thúc,End
Kết thúc thuê,Lease end
Kết thúc thuê (mới),Lease end (new)
Kỳ,Period
Kỳ %(k)s đã có hóa đơn %(i)s.,Period %(k)s already has invoice %(i)s.
Kỳ %(k)s: đã tạo hóa đơn %(t)s (nháp) — %(a)s.,Period %(k)s: invoice %(t)s created (draft) — %(a)s.
Kỳ %s,Period %s
Kỳ %s không có chênh lệch — đã khớp 100%%.,Period %s has no difference — it matches 100%% exactly.
Kỳ %s đã trả đủ — không có gì net-off.,Period %s is fully paid — there is nothing to net off.
Kỳ (match),Period (matched)
Kỳ ?,Period?
Kỳ chưa trả,Unpaid periods
Kỳ chưa trả đủ,Periods not fully paid
Kỳ còn chênh lệch trong ngưỡng cho phép. Vượt ngưỡng thì nút Net-off bị ẩn — phải tạo trả nợ chính thức.,The period difference is within the allowed threshold. Beyond it the Net off button is hidden and a formal repayment is required.
"Kỳ có chênh lệch đã được ghi nhận — một trong hai:
• có dòng trả nợ net-off (bù cho đủ khi ngân hàng trích thiếu), hoặc
• bị TRÍCH DƯ (xem ô ""Trích dư"").
Dùng để lọc nhanh trên Lịch lãi những kỳ không khớp tròn với nghĩa vụ.","Periods where a difference has been recorded — either:
• a net-off repayment line (topping up when the bank collected too little), or
• an OVER-COLLECTION (see the ""Over-collected"" field).
Use it to filter the schedule for periods that do not match the obligation exactly."
"Kỳ có số lãi sửa tay — giữ nguyên, Δ để 0.","The period has a manually entered interest amount — it is left as is, with Δ at 0."
Kỳ có số lãi sửa tay — không tính lại tự động.,The period has a manually entered interest amount — it is not recomputed automatically.
Kỳ hạn,Term
Kỳ hạn (Tháng),Term (months)
Kỳ hạn (tháng),Term (months)
Kỳ không tồn tại,The period does not exist
Kỳ không tự tính được,The period cannot be computed automatically
Kỳ khấu hao tài sản thuê TC,Finance lease asset depreciation periods
Kỳ lãi,Interest period
Kỳ lãi mà repayment này thanh toán. NULL = repayment cũ chưa allocate vào kỳ cụ thể (chỉ track ở note level).,The interest period this repayment pays. Empty = an older repayment not allocated to a specific period (tracked at note level only).
Kỳ lịch lãi CHƯA thanh toán mà chênh lệch sẽ cộng/trừ vào. Mặc định = kỳ hiện tại (kỳ chưa trả gần nhất).,The UNPAID interest period the difference will be added to or deducted from. Defaults to the current period (the nearest unpaid one).
Kỳ match,Matched period
"Kỳ này chưa có hóa đơn — bấm ""Tạo hóa đơn"" trước.","This period has no invoice — click ""Create invoice"" first."
Kỳ này chưa có hóa đơn.,This period has no invoice.
Kỳ này đã thanh toán.,This period is already paid.
Kỳ thanh toán,Payment period
Kỳ thanh toán (chỉ định),Payment period (designated)
Kỳ thanh toán thuê,Lease payment periods
Kỳ thuê đến hạn ≤30 ngày,Lease instalments due ≤30 days
Kỳ áp dụng,Period applied to
Kỳ áp dụng đã thanh toán đủ — chọn kỳ khác.,The chosen period is already fully paid — pick another one.
Kỳ đánh giá,Revaluation period
Kỳ đã qua ngày đến hạn mà vẫn còn gốc hoặc lãi chưa trả.,Periods past their due date with principal or interest still unpaid.
Kỳ đã trả đủ,Fully paid periods
Kỳ đến hạn 6 tháng tới (chưa thanh toán),Periods due in the next 6 months (unpaid)
Kỳ đến hạn kế tiếp,Next period due
LS bình quân gia quyền (%/năm),Weighted average rate (%/year)
LS hiện tại (%),Current rate (%)
LS mới (%),New rate (%)
LS mới (%/năm),New rate (%/year)
Liên kết HĐTD / Facility / Đề nghị,Links: credit contract / facility / request
Liên thông,Pooled
"Liệt kê KW theo HĐTD: số tiền, lãi suất, tổng lãi dự kiến, đã trả gốc/lãi, dư nợ gốc/lãi, tổng dư nợ. Mặc định group theo HĐTD + lọc các KW chưa tất toán.","Lists the notes by credit contract: amount, rate, total planned interest, principal and interest repaid, principal and interest outstanding, total outstanding. Grouped by contract and filtered to unsettled notes by default."
Liệt kê tất cả bút toán kế toán (giải ngân / lãi / trả nợ) có gắn KW. Group mặc định theo Khế ước.,Lists every journal entry (disbursement / interest / repayment) linked to a promissory note. Grouped by note by default.
Loan: cập nhật quá hạn + tuổi nợ,Loans: refresh overdue status and aging
Loan: nhắc TSBĐ hết hạn định giá,Loans: remind about expiring collateral valuations
Loan: nhắc đáo hạn khế ước,Loans: remind about note maturities
Loại,Type
Loại BL,Guarantee type
Loại TSBĐ,Collateral type
Loại dòng,Line type
Loại dự án,Project type
Loại facility,Facility type
Loại hạn mức,Facility type
"Loại hạn mức ""%(t)s"" đã ngưng dùng, không chọn mới được.
Chọn Loại hạn mức = ""Tuần hoàn"" hoặc ""Có kỳ hạn"" theo cách ngân hàng cho rút vốn, rồi khai bản chất ở ô Mục đích sử dụng vốn = ""%(p)s"".","Facility type ""%(t)s"" is discontinued and cannot be chosen for new records.
Pick ""Revolving"" or ""Term"" according to how the bank allows drawdowns, then record the substance in the use-of-funds purpose = ""%(p)s""."
Loại hồ sơ,Dossier type
Loại khoản vay,Loan type
Loại kỳ,Period type
Loại nghĩa vụ phải trả cho NH theo đợt này.,The kind of obligation owed to the bank in this instalment.
Loại này,This type
Loại phụ lục,Addendum type
Loại thanh toán,Payment type
Loại thanh toán phải khớp với loại của đợt.,The payment type must match the type of the instalment.
Loại thuê,Lease type
Loại tiền,Currency
Loại tài sản,Asset type
Loại tài sản đảm bảo,Collateral type
Là net-off,Is a net-off
Lãi,Interest
"Lãi = 0, không cần post.","Interest is 0, nothing to post."
Lãi capitalize %(kw)s — kỳ %(p)s,Capitalised interest %(kw)s — period %(p)s
Lãi còn,Interest left
Lãi còn lại,Remaining interest
Lãi còn phải trả,Interest still due
Lãi kỳ,Interest of the period
Lãi phải trả,Interest due
Lãi phải trả %(kw)s — kỳ %(p)s,Interest payable %(kw)s — period %(p)s
Lãi suất,Interest rate
Lãi suất (%/năm),Interest rate (%/year)
"Lãi suất KÝ BAN ĐẦU của KW — IMMUTABLE sau khi áp dụng phụ lục đổi rate. Lịch sử thay đổi rate xem ở tab ""Phụ lục"". Rate hiệu lực hiện tại = phụ lục rate mới nhất đã áp dụng (nếu có), fallback chính field này.","The rate ORIGINALLY SIGNED on the note — immutable once a rate amendment is applied. The history of rate changes is on the ""Amendments"" tab. The rate in force today is the latest applied rate amendment, falling back to this field."
Lãi suất không được âm.,The interest rate cannot be negative.
Lãi suất mặc định (%/năm),Default rate (%/year)
Lãi suất mới (%/năm),New rate (%/year)
Lãi suất mới không được âm.,The new rate cannot be negative.
Lãi suất ngầm định trong HĐ thuê tài chính.,The rate implicit in the finance lease.
Lãi suất sau,Rate after
Lãi suất tham chiếu mặc định cho khế ước rút từ hạn mức này.,The default reference rate for notes drawn on this facility.
Lãi suất trước,Rate before
Lãi suất × Dư nợ,Rate × outstanding
Lãi thuê TC — %(l)s,Finance lease interest — %(l)s
Lãi tính lại,Recomputed interest
Lãi tỷ giá,FX gain
Lãi tỷ giá %s,FX gain %s
Lãi đã ghi nhận,Interest recognised
Lãi đã trả,Interest paid
Lãi đã trả YTD,Interest paid YTD
Lãi đến hạn (luỹ kế),Interest due (cumulative)
Lý do / diễn giải,Reason / description
Lý do bị thu,Reason for the call
Lý do chấm dứt,Termination reason
Lý do chấm dứt sớm...,Reason for early termination...
Lý do giải chấp,Reason for release
Lý do giải tỏa,Reason for release
Lý do net-off,Net-off reason
Lý do thanh lý,Reason for disposal
Lý do điều chỉnh,Reason for the adjustment
"Lý do, ghi chú, văn bản tham chiếu...","Reason, notes, reference documents..."
Lưu,Save
Lưu & Đóng,Save & close
Lưu ý,Note
"Lưu ý: hạn mức '%(f)s' còn %(r)s đ, nhưng tổng hồ sơ đang chờ NH duyệt đã là %(p)s đ. Gửi NH không chiếm hạn mức — phần vượt sẽ không kích hoạt được cho tới khi có thêm chỗ.","Note: facility '%(f)s' has %(r)s left, but files awaiting bank approval already total %(p)s. Sending a file to the bank does not consume limit — the excess cannot be activated until more room appears."
Lấy theo lần định giá mới nhất.,Taken from the latest valuation.
Lần nhắc hết hạn gần nhất,Last expiry reminder
Lần thanh toán Chứng thư BL (transaction),Guarantee certificate payment (transaction)
Lịch khấu hao,Depreciation schedule
Lịch lãi,Interest schedule
Lịch lãi quá hạn,Overdue interest schedule
Lịch sử thanh toán,Payment history
Lịch thanh toán,Payment schedule
Lịch trả gốc mới,New principal repayment plan
Lọc KW theo HĐTD. Để trống = mọi HĐTD.,Filter notes by credit contract. Empty = every contract.
Lọc KW theo NH. Để trống = mọi NH.,Filter notes by bank. Empty = every bank.
Lọc KW theo hạn mức. Để trống = mọi hạn mức.,Filter notes by facility. Empty = every facility.
Lỗ tỷ giá,FX loss
Lỗ tỷ giá %s,FX loss %s
Lỗi,Error
Ma trận Tài sản × Mục đích của cả HĐTD. Sửa ở đây hay ở form văn bản thế chấp đều được — cùng một bảng dữ liệu.,Asset × Facility matrix for the whole credit contract. Edit it here or on the pledge form — it is the same table.
"Map tài khoản kế toán theo COA của công ty bạn. VAS TT 200: 3411/3412 Vay, 1121 Tiền gửi NH, 33531 Lãi phải trả, 635 CP lãi, 241 XDCB capitalize.","Map the accounts to your company chart of accounts. VAS Circular 200: 3411/3412 borrowings, 1121 bank deposits, 33531 interest payable, 635 interest expense, 241 capitalised construction in progress."
"Map tài khoản kế toán theo COA của công ty. VAS TT 200: 3411/3412 Vay, 1121 Tiền gửi NH, 33531 Lãi phải trả, 635 CP lãi, 241 XDCB capitalize.","Map the accounts to the company chart of accounts. VAS Circular 200: 3411/3412 borrowings, 1121 bank deposits, 33531 interest payable, 635 interest expense, 241 capitalised construction in progress."
"Mode ""Cố định"": nhập tay. Mode ""% trên lãi"": tự tính = % phí × Σ lãi dự kiến — sửa lại được theo số NH báo.","""Fixed"" mode: entered by hand. ""% on interest"" mode: computed as the fee rate × Σ planned interest — editable to match what the bank states."
"Mode ""Delta"": LS mới = LS hiện tại + delta. Âm = giảm.","""Delta"" mode: new rate = current rate + delta. A negative delta lowers it."
"Mode ""Đặt đồng loạt"": mọi KW nhận LS này.","""Set for all"" mode: every note gets this rate."
Màn hình này liệt kê,This screen lists
Mã,Code
"Mã ""%s"" không hợp lệ — chỉ dùng chữ thường, số và gạch dưới, bắt đầu bằng chữ.","Code ""%s"" is invalid — use lower-case letters, digits and underscores only, starting with a letter."
Mã (code),Code
Mã SWIFT/BIC,SWIFT / BIC code
Mã giao dịch NH (FT),Bank transaction reference (FT)
"Mã kỹ thuật, hệ thống tự sinh từ tên khi tạo mới (bỏ dấu, chữ thường, gạch dưới). Không sửa được — dữ liệu hạn mức tham chiếu theo mã này.","The technical code, generated from the name on creation (no diacritics, lower case, underscores). Not editable — facility data references it."
Mã tham chiếu (code),Reference code
Mã thanh toán SePay tách được (thường = mã IPC).,Payment code parsed by SePay (usually the IPC reference).
Mã thanh toán SePay tách được từ nội dung CK.,Payment code parsed by SePay from the transfer description.
Mô phỏng,Simulate
Mô phỏng (demo),Simulation (demo)
Mô phỏng giao dịch SePay,Simulate a SePay transaction
Mô phỏng giao dịch SePay (demo),Simulate a SePay transaction (demo)
"Mô phỏng giao dịch chỉ bật trên DB demo (tham số hệ thống %s). Trên DB thật, giao dịch giả sẽ tự đối soát vào IPC thật và làm sai giá trị tài sản bảo đảm.",Transaction simulation is enabled on demo databases only (system parameter %s). On a production database a fake transaction would reconcile itself against a real IPC and corrupt collateral values.
Mô tả,Description
Mô tả / Điều khoản,Description / terms
Mô tả...,Description...
Mặc định cho khế ước; user vẫn chọn lại được trên từng KW.,The default for notes; it can still be changed on each one.
Mặc định lấy dư nợ gốc của khế ước tại thời điểm nạp. Sửa tay được khi số dư ngân hàng xác nhận khác sổ.,Defaults to the outstanding principal of the note at load time. Editable when the balance confirmed by the bank differs from the books.
Mặc định theo loại TSBĐ — sửa được từng pledge (cùng là phải thu nhưng CĐT uy tín khác nhau → tỷ lệ khác nhau). 0 = không tính vào borrowing base.,Defaults from the collateral type — editable per pledge (two receivables can carry different rates when the owners differ in standing). 0 = excluded from the borrowing base.
Mẹ,Mother
Mọi dòng phân bổ dự án của các facility thuộc HĐTD này.,Every project allocation line of the facilities under this credit contract.
Mọi khế ước rút trên các hạn mức của HĐTD này.,Every note drawn on the facilities of this credit contract.
Mọi đợt thanh toán của chứng thư này đã có phiếu chi.,Every instalment of this certificate already has a payment.
Mỗi HĐTD show: hạn mức tổng + đã cho vay + còn cho vay + đã bảo lãnh + còn bảo lãnh + tổng còn lại. Tính dựa trên Mục đích của các facility con (Bảo lãnh ↔ các mục đích khác).,"Each credit contract shows: total limit, lent, lending left, guaranteed, guarantee left and total remaining. Computed from the purpose of its facilities (guarantee versus the rest)."
Mỗi KW trong danh sách sẽ sinh 1 Phụ lục đổi LS + áp dụng ngay (kỳ chưa trả tính theo LS mới). Tiếp tục?,"Each note in the list gets a rate amendment, applied immediately (unpaid periods are recomputed at the new rate). Continue?"
Mỗi dòng là một chi nhánh của một ngân hàng. Khai xong thì ô,"Each line is a branch of a bank. Once recorded, the field"
"Mỗi lần rút vốn trong một hạn mức tạo một khế ước nhận nợ (KW), với số tiền, lãi suất, kỳ hạn và lịch trả riêng.","Each drawdown on a facility creates one promissory note, with its own amount, rate, term and repayment schedule."
Mỗi sáng hệ thống rà các chứng thư sắp hết hạn và gửi thư cho,Every morning the system reviews the certificates expiring soon and emails
Mỗi đợt thanh toán chứng thư BL sinh một,Each guarantee certificate instalment generates one
Mới,New
Mới nhận,Received
Mở bán chính thức?,Open for official sale?
Mở bán chính thức? Việc này cho phép tạo booking và HĐMB.,Open for official sale? This allows bookings and sale contracts to be created.
"Mục nằm trong bộ 25 mục dựng sẵn. Sửa được TÊN và ghi chú; không đổi được MÃ và không xoá được, vì dữ liệu cũ lẫn mã nguồn đều tham chiếu theo mã.","One of the 25 built-in entries. The NAME and the notes can be changed; the CODE cannot, and it cannot be deleted, because both existing data and the source reference the code."
Mục đích,Facility
"Mục đích ""%(f)s"" thuộc HĐTD khác với văn bản thế chấp ""%(p)s"". TSBĐ chỉ phân bổ được cho mục đích trong cùng một HĐTD.","Facility ""%(f)s"" belongs to a different credit contract than pledge ""%(p)s"". Collateral can only be allocated to facilities within the same credit contract."
"Mục đích ""%(n)s"" đang được %(c)s hạn mức sử dụng — không xoá được. Bỏ tick ""Đang dùng"" để ẩn.","Purpose ""%(n)s"" is used by %(c)s facility(ies) and cannot be deleted. Untick ""In use"" to hide it."
"Mục đích ""%(n)s"" đang được %(c)s hạn mức sử dụng — đổi mã sẽ làm các hạn mức đó mất mục đích. Sửa TÊN thì được.","Purpose ""%(n)s"" is used by %(c)s facility(ies) — changing the code would leave them without a purpose. The NAME can be changed."
"Mục đích ""%(name)s"" đang chia hạn mức cho %(n)s dự án ở tab ""Phân bổ dự án"". Muốn gắn một dự án duy nhất thì xoá bớt các dòng phân bổ, hoặc để trống ô Dự án và chia tay như cũ.","Facility ""%(name)s"" splits its limit across %(n)s projects on the ""Project allocation"" tab. To tie it to a single project, remove the allocation lines, or leave the Project field empty and keep splitting as before."
"Mục đích ""Bảo lãnh ngân hàng"" phải giữ phân loại Bảo lãnh — toàn bộ cơ chế chiếm và khôi phục hạn mức bảo lãnh chạy theo nó.","The ""Bank guarantee"" purpose must stay classified as a guarantee — the whole mechanism that consumes and restores the guarantee limit depends on it."
Mục đích / Ghi chú,Purpose / notes
Mục đích hạn chế,Restricted purpose
Mục đích mới,New purpose
Mục đích sử dụng vốn,Use of funds
Mục đích sử dụng vốn mới...,New use of funds...
Mục đích sử dụng vốn theo HĐTD. NH VN thường chia hạn mức theo mục đích (vd 50 tỷ VLĐ thi công + 30 tỷ đầu tư dự án + 20 tỷ bảo lãnh). Tách bạch với Loại (facility_type) — cái đó nói hạn mức HOẠT ĐỘNG thế nào (tuần hoàn/có kỳ hạn/thấu chi).,"The use of funds under the credit contract. Vietnamese banks usually split a limit by purpose (e.g. 50bn construction working capital + 30bn project investment + 20bn guarantees). Kept separate from the facility type, which says how the facility BEHAVES (revolving / term / overdraft)."
Mục đích sử dụng vốn...,Use of funds...
Mục đích thuộc nhóm hạn chế.,This purpose is in the restricted group.
Mục đích vay,Loan purpose
NH Việt Nam thường dùng Thực tế/360.,Vietnamese banks normally use actual/360.
NH duyệt,Bank approved
NH duyệt giải ngân.,The bank approved the disbursement.
NH phát hành,Issuing bank
NH trích dư,Bank over-collected
NH trích thiếu,Bank under-collected
"NH trích thiếu: kỳ chỉ định còn phải trả — net-off sẽ ghi bù cho kỳ đó về ""Đã thanh toán"".
NH trích dư: tiền NH trích nhiều hơn số các kỳ cần — net-off sẽ ghi nhận phần thừa là chênh lệch, không treo nữa.","Under-collected: the designated period still owes something — the net-off tops it up to ""Paid"".
Over-collected: the bank took more than the periods needed — the net-off records the surplus as a difference so it stops hanging."
NH đã chuyển %(a)s vào TK %(tk)s của %(p)s ngày %(d)s.,The bank transferred %(a)s to account %(tk)s of %(p)s on %(d)s.
"Net Area (Thông thuỷ, m²)",Net Area (m²)
"Net-off %(o)s ₫ tiền NH trích dư trên KW %(n)s — phần thừa không còn treo ở ""Chưa allocate"".","%(o)s ₫ over-collected on note %(n)s was netted off — the surplus no longer hangs in ""Not allocated""."
Net-off chênh lệch,Net off the difference
Net-off chênh lệch lẻ kỳ %s,Rounding difference netted off on period %s
Net-off lẻ,Net off rounding
Nghiệp vụ NH VN: thông báo NỢ = NH ghi Nợ TK khách (trừ tiền / khách phải trả thêm); thông báo CÓ = NH ghi Có TK khách (cộng tiền / giảm trừ kỳ tới).,Vietnamese banking practice: a DEBIT notice means the bank debits the customer account (money taken / more to pay); a CREDIT notice means it credits the account (money added / deducted from the next period).
Nguyên tệ,Foreign currency
Nguồn,Source
Nguồn gốc,Origin
Nguồn tỷ giá,Rate source
Ngày,Date
Ngày BL chính thức bắt đầu có hiệu lực (NH ký + người thụ hưởng nhận). Nếu trống → fallback date_issue. Phí BL tính từ ngày này đến date_expiry.,The date the guarantee actually takes effect (signed by the bank and received by the beneficiary). Empty falls back to the issue date. The fee runs from this date to the expiry date.
Ngày BL hết hiệu lực. Quá ngày này mà chưa tất toán → tính phí phạt quá hạn.,"The date the guarantee ceases to be in force. Past this date without settlement, a late penalty accrues."
Ngày NH chính thức kích hoạt KW — gốc tính lãi. User nhập tay khi NH thông báo kích hoạt. Nếu trống → fallback date_note. Tất cả lịch lãi + ngày đáo hạn tự re-compute khi field này thay đổi.,The date the bank formally activates the note — the basis for interest. Entered by hand when the bank confirms activation. Empty falls back to the note date. The whole interest schedule and the maturity date are recomputed when it changes.
Ngày NH duyệt giải ngân,Bank approval date
Ngày NH ký duyệt chuyển tiền (ngoài hệ thống). User nhập khi đánh dấu Đã giải ngân. Lịch lãi của KW sẽ tính lại bắt đầu từ ngày này.,The date the bank signed off the transfer (outside the system). Entered when marking it disbursed. The interest schedule of the note is recomputed from that date.
Ngày NH trích thu,Collection date
Ngày bắt đầu,Start date
Ngày bị thu,Call date
Ngày chấm dứt,Termination date
Ngày chốt số đầu kỳ,Opening balance date
"Ngày cuối kỳ / cuối năm. Tỷ giá và số dư đều lấy tại ngày này, và bút toán cũng ghi vào ngày này.","Period-end / year-end date. Both the rate and the balance are taken at this date, and the entry is posted on it."
Ngày của sao kê / xác nhận số dư mà số đầu kỳ lấy theo. Không có ngày thì vài tháng sau không ai biết con số kia chốt tại thời điểm nào để đối chiếu lại.,"The date of the statement or balance confirmation the opening figure comes from. Without it, months later nobody knows as of when that number was struck."
Ngày dự kiến phát hành,Expected issue date
Ngày dự kiến phát hành (%(x)s) không được sớm hơn Ngày đề nghị (%(r)s).,The expected issue date (%(x)s) cannot be earlier than the request date (%(r)s).
Ngày giải chấp,Release date
Ngày giải chấp %(r)s sớm hơn ngày thế chấp của: %(l)s. Không thể giải chấp một tài sản trước khi nó được thế chấp — kiểm tra lại ngày trên hồ sơ ngân hàng.,The release date %(r)s is earlier than the pledge date of: %(l)s. An asset cannot be released before it was pledged — check the dates on the bank file.
Ngày giải chấp không được ở tương lai.,The release date cannot be in the future.
Ngày giải chấp sớm hơn ngày thế chấp,The release date precedes the pledge date
Ngày giải ngân,Disbursement date
Ngày giải tỏa,Release date
Ngày hiệu lực,Effective date
Ngày hiệu lực (%(s)s) không được trước Ngày ký (%(k)s).,The effective date (%(s)s) cannot precede the signature date (%(k)s).
Ngày hiệu lực rơi vào giai đoạn ĐÃ ghi nhận hoặc ĐÃ thanh toán lãi — khi đó phải tính lại chênh lệch cho các kỳ đó. Hệ thống TỰ bật cờ này; vẫn sửa tay được nếu nghiệp vụ khác với suy đoán.,"The effective date falls inside a stretch where interest was already recognised or paid, so those periods must be recomputed. The system sets this flag itself; it can still be changed by hand if the facts differ."
Ngày hết hiệu lực chứng thư định giá (nếu có).,The expiry date of the valuation certificate (if any).
Ngày hết hạn,Expiry date
Ngày hết hạn (%(e)s) không được sớm hơn Ngày dự kiến phát hành (%(x)s).,The expiry date (%(e)s) cannot be earlier than the expected issue date (%(x)s).
Ngày hết hạn (%(e)s) không được sớm hơn Ngày phát hành thực tế (%(i)s).,The expiry date (%(e)s) cannot be earlier than the actual issue date (%(i)s).
Ngày hết hạn của lần định giá MỚI NHẤT.,The expiry date of the LATEST valuation.
Ngày hết hạn không được trước ngày hiệu lực.,The expiry date cannot precede the effective date.
Ngày hết hạn không được trước ngày phát hành.,The expiry date cannot precede the issue date.
Ngày hết hạn mới,New expiry date
Ngày hết hạn phải sau ngày đề nghị.,The expiry date must be after the request date.
Ngày hết hạn định giá,Valuation expiry date
"Ngày hết hạn định giá (%(e)s) sớm hơn ngày định giá (%(d)s) của tài sản ""%(c)s"".","The valuation expiry date (%(e)s) is earlier than the valuation date (%(d)s) of asset ""%(c)s""."
Ngày khấu hao,Depreciation date
Ngày kích hoạt,Activation date
Ngày kích hoạt (%(a)s) không được trước Ngày nhận nợ (%(b)s).,The activation date (%(a)s) cannot precede the note date (%(b)s).
Ngày kích hoạt hiện tại,Current activation date
Ngày kích hoạt không được ở tương lai — đây là ngày ngân hàng đã kích hoạt trên hồ sơ.,The activation date cannot be in the future — it is the date the bank activated it on the file.
Ngày kích hoạt là,The activation date is
Ngày kích hoạt mới,New activation date
Ngày ký,Signature date
Ngày kết thúc,End date
Ngày kết thúc không được trước ngày bắt đầu.,The end date cannot precede the start date.
Ngày mới trùng ngày đang có.,The new date is the same as the current one.
Ngày ngân hàng giải chấp trên hồ sơ. Bỏ trống thì lấy ngày hôm nay.,The date the bank released it on the file. Empty means today.
Ngày nhận nợ,Note date
Ngày phát hành,Issue date
Ngày phát hành chứng thư,Certificate issue date
Ngày phát hành thực tế,Actual issue date
Ngày phát hành thực tế (%(i)s) không được sớm hơn Ngày đề nghị (%(r)s).,The actual issue date (%(i)s) cannot be earlier than the request date (%(r)s).
Ngày thanh lý,Settlement date
Ngày thanh lý không được ở tương lai.,The disposal date cannot be in the future.
Ngày thanh toán,Payment date
Ngày thanh toán phải từ 1 đến 31.,The payment day must be between 1 and 31.
Ngày thế chấp,Pledge date
Ngày trong tháng phải thanh toán CHẬM NHẤT (vd 10 = chậm nhất ngày 10). Bỏ trống = đúng ngày đến hạn theo chu kỳ. Nếu tháng không có ngày này thì lấy ngày cuối tháng.,"The LATEST day of the month payment is due (e.g. 10 = by the 10th). Empty = exactly the due date of the cycle. If a month has no such day, the last day of the month is used."
Ngày trả,Payment date
Ngày trễ,Days late
Ngày tài sản bổ sung bắt đầu tính tiền thuê (có thể muộn hơn ngày ký phụ lục).,The date rent starts accruing on the added asset (it may be later than the addendum signature date).
Ngày tài sản này BẮT ĐẦU tính tiền thuê. Bỏ trống = theo ngày bắt đầu HĐ. Có thể muộn hơn ngày ký HĐ (tài sản chưa cần dùng ngay).,The date rent STARTS accruing on this asset. Empty = the contract start date. It may be later than the signature date (the asset is not needed straight away).
Ngày tài sản này KẾT THÚC thuê. Bỏ trống = theo HĐ.,The date the lease of this asset ENDS. Empty = as per the contract.
Ngày tất toán,Settlement date
Ngày đánh giá,Valuation date
Ngày đánh giá lại,Revaluation date
Ngày đáo hạn,Maturity date
"Ngày đáo hạn khế ước (%(m)s) vượt quá ngày hết hạn của HĐTD %(c)s (%(e)s). Gia hạn HĐTD trước, hoặc rút ngắn kỳ hạn khế ước.","The note maturity (%(m)s) is beyond the expiry of credit contract %(c)s (%(e)s). Extend the contract first, or shorten the note term."
Ngày đáo hạn mới,New maturity date
Ngày đến hạn,Due date
Ngày đề nghị,Request date
Ngày định giá,Valuation date
"Ngày định giá (%(d)s) không được lớn hơn hôm nay (%(t)s). Nếu định nhập hạn hiệu lực của chứng thư thì dùng ô ""Ngày hết hạn định giá"".","The valuation date (%(d)s) cannot be later than today (%(t)s). To record how long the certificate stays valid, use ""Valuation expiry date""."
Ngân hàng,Bank
Ngân hàng (vay NH) hoặc công ty con (cho vay lại).,The bank (for a bank loan) or the subsidiary (for on-lending).
Ngân hàng / Bên cho vay,Bank / lender
Ngân hàng Nông nghiệp và PTNT Việt Nam (Agribank),Vietnam Bank for Agriculture and Rural Development (Agribank)
Ngân hàng TMCP Công thương Việt Nam (VietinBank),Vietnam Joint Stock Commercial Bank for Industry and Trade (VietinBank)
Ngân hàng TMCP Hàng Hải Việt Nam (MSB),Vietnam Maritime Commercial Joint Stock Bank (MSB)
Ngân hàng TMCP Kỹ thương Việt Nam (Techcombank),Vietnam Technological and Commercial Joint Stock Bank (Techcombank)
Ngân hàng TMCP Lộc Phát Việt Nam (LPBank),Fortune Vietnam Joint Stock Commercial Bank (LPBank)
Ngân hàng TMCP Nam Á (Nam A Bank),Nam A Commercial Joint Stock Bank (Nam A Bank)
Ngân hàng TMCP Ngoại thương Việt Nam (Vietcombank),Joint Stock Commercial Bank for Foreign Trade of Vietnam (Vietcombank)
Ngân hàng TMCP Phát triển TP.HCM (HDBank),Ho Chi Minh City Development Joint Stock Commercial Bank (HDBank)
Ngân hàng TMCP Phương Đông (OCB),Orient Commercial Joint Stock Bank (OCB)
Ngân hàng TMCP Quân Đội (MB Bank),Military Commercial Joint Stock Bank (MB Bank)
Ngân hàng TMCP Quốc tế Việt Nam (VIB),Vietnam International Commercial Joint Stock Bank (VIB)
Ngân hàng TMCP Sài Gòn - Hà Nội (SHB),Saigon - Hanoi Commercial Joint Stock Bank (SHB)
Ngân hàng TMCP Sài Gòn Thương Tín (Sacombank),Saigon Thuong Tin Commercial Joint Stock Bank (Sacombank)
Ngân hàng TMCP Thịnh Vượng và Phát triển (PGBank),Prosperity and Growth Commercial Joint Stock Bank (PGBank)
Ngân hàng TMCP Tiên Phong (TPBank),Tien Phong Commercial Joint Stock Bank (TPBank)
Ngân hàng TMCP Việt Nam Thịnh Vượng (VPBank),Vietnam Prosperity Joint Stock Commercial Bank (VPBank)
Ngân hàng TMCP Xuất Nhập khẩu Việt Nam (Eximbank),Vietnam Export Import Commercial Joint Stock Bank (Eximbank)
Ngân hàng TMCP Á Châu (ACB),Asia Commercial Joint Stock Bank (ACB)
Ngân hàng TMCP Đông Nam Á (SeABank),Southeast Asia Commercial Joint Stock Bank (SeABank)
Ngân hàng TMCP Đầu tư và Phát triển Việt Nam (BIDV),Joint Stock Commercial Bank for Investment and Development of Vietnam (BIDV)
Ngân hàng phát hành,Issuing bank
Người duyệt Δ,Approved the Δ
Người dùng,User
Người mua bảo lãnh — thường là tổng thầu hoặc nhà thầu phụ.,The party buying the guarantee — usually the main contractor or a subcontractor.
Người nhận thư nhắc khi bảo lãnh sắp hết hạn.,Who receives the reminder when a guarantee is about to expire.
Người phụ trách %(u)s chưa có địa chỉ email — thư nhắc hết hạn không gửi được.,The person in charge %(u)s has no email address — the expiry reminder cannot be sent.
Người phụ trách (PIC),Person in charge
Người thụ hưởng,Beneficiary
Người thụ hưởng mới,New beneficiary
Người tính,Computed by
Người đại diện ký,Authorised signatory
Người định giá (text),Valuer (free text)
Ngưỡng net-off dùng ở đâu,Where the net-off threshold applies
"Ngưỡng net-off đang đặt bằng 0 — tính năng bù trừ chênh lệch lẻ đã tắt. Vào Vay > Cấu hình > Tham số phân hệ Vay để bật lại, hoặc tạo trả nợ chính thức cho chênh lệch này.","The net-off threshold is 0 — netting off rounding differences is switched off. Go to Loans > Configuration > Loan parameters to turn it back on, or record a formal repayment for this difference."
Ngưỡng net-off đang đặt bằng 0 — tính năng bù trừ chênh lệch lẻ đã tắt. Vào Vay > Cấu hình > Tham số phân hệ Vay để bật lại.,The net-off threshold is 0 — netting off rounding differences is switched off. Go to Loans > Configuration > Loan parameters to turn it back on.
Ngắn hạn,Short term
Nhà thầu,Contractor
Nhà thầu (từ GN),Contractor (from disbursement)
Nhà thầu / Contractor,Contractor
Nhà thầu / nhà cung cấp nhận tiền tạm ứng. Mặc định lấy theo Bên nhận tiền của lần giải ngân.,Contractor / supplier receiving the advance payment. Defaults to the payee of the disbursement.
Nhà thầu nhận,Receiving contractor
Nhánh nào đang quyết định con số khả dụng — biết chỗ nghẽn thì mới biết xử lý: thiếu TSBĐ thì bổ sung IPC được CĐT ký / thu hồi công nợ; thiếu hạn mức thì đàm phán với NH.,"Which branch is driving the availability figure — knowing the bottleneck tells you what to do: short of collateral, add IPCs signed by the owner or collect receivables; short of limit, negotiate with the bank."
Nháp,Draft
Nhóm Bảo lãnh,Guarantee group
Nhóm Vay,Lending group
Nhóm mục đích,Purpose group
Nhóm tuổi nợ,Aging bucket
Nhập 'Số kỳ gia hạn' (> 0).,Enter the 'Extension periods' (> 0).
Nhập 'Số kỳ rút ngắn' (> 0).,Enter the 'Periods removed' (> 0).
Nhập 'Tên tài sản (mới)' hoặc chọn/tạo lý lịch tài sản.,Enter the 'Asset name (new)' or select / create an asset record.
Nhập 'Đơn giá thuê mới' (> 0).,Enter the 'New unit rent' (> 0).
Nhập chu kỳ mới hoặc ký cược mới.,Enter a new frequency or a new security deposit.
Nhập khi NH duyệt...,Enter it when the bank approves...
Nhập tay,Manual entry
Nhập từ file (sao kê),File import (bank statement)
Nhắc bảo lãnh sắp hết hạn,Guarantee expiry reminder
Nhắc lặp lại sau (ngày),Repeat the reminder after (days)
Nhắc trước (ngày),Remind in advance (days)
"Nhắc trước quá 365 ngày thì thư nhắc mất ý nghĩa — chứng thư nào cũng ""sắp hết hạn"".","Reminding more than 365 days ahead makes the reminder meaningless — every certificate would be ""expiring soon""."
Nhớ chọn đúng,Make sure to pick the right
Niên kim (tổng kỳ đều),Annuity (equal instalments)
North (Bắc),North
Northeast (Đông Bắc),Northeast
Northwest (Tây Bắc),Northwest
Năm,Year
Năm hiện tại,Current year
Năm tới,Next year
Nơi kết chuyển phần LÃI tỷ giá cuối kỳ — doanh thu tài chính (vd TK 515). Chỉ cần khi dùng nút Kết chuyển.,Where the period-end FX GAIN is closed out — financial income (e.g. account 515). Only needed when the Close out button is used.
Nơi kết chuyển phần LỖ tỷ giá cuối kỳ — chi phí tài chính (vd TK 635). Chỉ cần khi dùng nút Kết chuyển.,Where the period-end FX LOSS is closed out — financial expenses (e.g. account 635). Only needed when the Close out button is used.
"Nơi thường trú theo CCCD/CMND. Ví dụ: Số 123 đường Nguyễn Văn A, Phường X, TP Hà Nội.","Permanent residence as written on the citizen ID card. Example: No. 123 Nguyen Van A street, Ward X, Hanoi."
Nạp khế ước ngoại tệ,Load foreign-currency notes
"Nếu cần gia hạn, lập phụ lục trên chứng thư trước ngày hết hạn.","If an extension is needed, raise an amendment on the certificate before the expiry date."
Nội dung,Description
Nội dung CK,Transfer description
Nội dung chuyển khoản,Transfer description
Nội dung chứng thư,Certificate text
Nội dung văn bản chứng thư (copy từ PDF nếu cần).,The text of the certificate (paste it from the PDF if needed).
Nội dung văn bản chứng thư...,The text of the certificate...
Nội dung điều chỉnh,Amendment content
Nợ TK chênh lệch tỷ giá / Có TK vay,Dr FX difference account / Cr loan account
Nợ chi phí khấu hao mỗi kỳ.,Debit depreciation expense each period.
Nợ gốc thuê TC %(n)s,Finance lease liability %(n)s
"Nợ gốc thuê tài chính ban đầu (giá trị tài sản được tài trợ, trước thuế).","Initial finance lease liability (the financed asset value, before tax)."
Nợ quá hạn (Aging),Overdue debt (aging)
Optional. Nếu giấy báo chỉ đích danh kỳ → allocate vào kỳ đó. Bỏ trống → algorithm tự loop kỳ cũ→mới. Chỉ hiện các kỳ chưa thanh toán đủ (state ∈ Dự kiến / Đã ghi nhận / Trả một phần).,"Optional. If the advice names a specific period, the money goes to that period. Left empty, the algorithm walks the periods oldest first. Only periods that are not fully paid are listed (planned, recognised or partly paid)."
Override TK Vay riêng cho facility này (mặc định lấy từ company).,Override the loan account for this facility (defaults to the company setting).
Partner_id của company hiện tại — dùng để filter bank_account_id qua domain.,The partner of the current company — used to filter the bank account through the domain.
Partner_id của company — dùng filter domain bank_account_id.,The partner of the company — used to filter the bank account domain.
Payload gốc,Raw payload
Permanent (Sở hữu lâu dài),Permanent ownership
Permanent Address (Thường trú),Permanent Address
Permanent address as written on the citizen ID (CCCD/CMND). Used verbatim in HĐMB and other legal documents. Leave empty if same as the standard address above.,Permanent address as written on the citizen ID card. Used verbatim in sale contracts and other legal documents. Leave empty if it is the same as the standard address above.
Phiếu chi,Payment
Phiếu chi (outgoing payment) sinh từ đợt thanh toán này. Bấm vào để xem bút toán.,The outgoing payment generated from this instalment. Click to see the journal entry.
Phiếu chi / thu — %s,Payments / receipts — %s
Phiếu này KHÔNG phải một lần ngân hàng trích mới — nó rót tiếp phần tiền còn treo của một phiếu trước. Đừng cộng số tiền của nó vào tổng tiền NH đã trích.,This advice is NOT a new bank collection — it carries forward money left hanging on an earlier one. Do not add its amount to the total the bank collected.
Phiếu này không còn tiền treo vượt ngưỡng net-off (%(t)s ₫) — không có gì để phân bổ tiếp.,This advice has no money hanging above the net-off threshold (%(t)s ₫) — there is nothing to carry forward.
Phiếu này đã ghi sổ hoặc đã huỷ.,This sheet is already posted or cancelled.
Phiếu này đã kết chuyển bằng bút toán %s.,This sheet was already closed out by journal entry %s.
Phiếu phân bổ tiếp,Carry-forward advice
Phiếu phân bổ tiếp.,A carry-forward advice.
Phiếu thu ghi nhận ngân hàng trả lại tiền ký quỹ khi chứng thư kết thúc. Chưa có phiếu này thì số dư ký quỹ (TK 244) còn treo dù chứng thư đã đóng.,The receipt recording the bank returning the margin deposit once the certificate ends. Without it the deposit balance (account 244) stays open even though the certificate is closed.
Phiếu thu hoàn ký quỹ,Deposit refund receipt
Phiếu trích thu chưa được đăng. Net-off chỉ khả dụng sau khi đăng phiếu.,The collection advice is not posted. Netting off is only available once it is.
Phiếu đánh giá lại,Revaluation sheet
Phiếu đánh giá lại tỷ giá,FX revaluation sheet
Pháp lý / Mô tả,Legal / description
"Pháp nhân ngân hàng (res.partner is_bank=True) mà res.bank này thuộc về. Dùng để filter chi nhánh theo NH trên các form HĐTD, tài khoản…",The bank legal entity (res.partner with is_bank=True) this res.bank belongs to. Used to filter branches by bank on credit contract and account forms.
Phát hành,Issue
"Phát hành BL — giá trị %(a)s, hết hạn %(d)s.","Guarantee issued — amount %(a)s, expiring %(d)s."
Phát hành chứng thư BL %(c)s từ đề nghị này.,Guarantee certificate %(c)s issued from this request.
Phân bổ HĐTD (Dự án × Mục đích),Credit contract allocation (project × facility)
Phân bổ HĐTD theo Dự án × Mục đích,Credit contract allocation by project × facility
Phân bổ HĐTD theo Khế ước,Credit contract allocation by note
Phân bổ TSBĐ,Collateral allocation
Phân bổ TSBĐ cho mục đích,Collateral allocation to facilities
Phân bổ VƯỢT hạn mức facility.,Allocation EXCEEDS the facility limit.
Phân bổ cho mục đích,Allocated to facility
Phân bổ dư,Over-allocated
Phân bổ dự án,Project allocation
Phân bổ hạn mức Facility theo dự án,Facility limit allocation by project
Phân bổ hạn mức facility,Facility limit allocation
Phân bổ lại hạn mức,Reallocate the limit
Phân bổ lại hạn mức (có gợi ý chia tỷ lệ),Reallocate the limit (with a proportional suggestion)
Phân bổ lại hạn mức facility,Reallocate the facility limits
Phân bổ lại hạn mức facility (tùy chọn),Reallocate the facility limits (optional)
Phân bổ theo dự án,Allocation by project
Phân bổ theo facility,Allocation by facility
Phân bổ tiếp,Carry forward
Phân bổ tiếp %(c)s ₫ vượt phần còn treo của dòng gốc (%(p)s ₫) trên giấy báo %(a)s. Giảm số tiền xuống — không thì sổ nợ ghi nhiều hơn số ngân hàng thực trích.,Carrying forward %(c)s ₫ exceeds what is still hanging on the source line (%(p)s ₫) of advice %(a)s. Lower the amount — otherwise the books record more than the bank actually collected.
Phân bổ tiếp phần tiền còn treo của giấy báo %s.,Carrying forward the money left hanging on advice %s.
Phân bổ tiếp từ %s,Carried forward from %s
Phân bổ tiếp từ dòng,Carried forward from line
Phân bổ tiếp — %s,Carry forward — %s
Phân bổ vượt giá trị TSBĐ,Allocation exceeds the collateral value
"Phân bổ vượt giá trị bảo đảm.

Tài sản: %(c)s
Đem đi thế chấp: %(s)s × tỷ lệ cho vay %(r)s%% = %(b)s
Đang phân bổ: %(t)s
Vượt: %(o)s","The allocation exceeds the secured value.

Asset: %(c)s
Pledged: %(s)s × advance rate %(r)s%% = %(b)s
Currently allocated: %(t)s
Excess: %(o)s"
Phân bổ ở facility,Allocated at facility
Phân loại,Classification
"Phân loại theo thời gian còn lại tới ngày đáo hạn, tính từ ngày đánh giá lại: đến 12 tháng là ngắn hạn.",Classified by the time left to maturity from the revaluation date: up to 12 months is short term.
"Phân loại tài sản đảm bảo khoản vay: BĐS, phương tiện, hàng tồn kho, quyền tài sản, cổ phần, bảo lãnh bên thứ ba…","How loan collateral is classified: real estate, vehicles, inventory, property rights, shares, third-party guarantees and so on."
Phân nhóm tuổi nợ theo số ngày quá hạn. Refresh hằng ngày bằng cron.,Aging buckets by days overdue. Refreshed daily by a cron.
Phí,Fee
Phí + Ký quỹ + Phạt,"Fee, margin deposit and penalty"
Phí BL,Guarantee fee
Phí BL (%/năm),Guarantee fee (%/year)
Phí BL (số tiền),Guarantee fee (amount)
"Phí BL NH thu trên giá trị BL, tính theo năm.","The fee the bank charges on the guarantee amount, per year."
Phí BL còn phải trả,Guarantee fee outstanding
Phí BL phải trả,Guarantee fee payable
Phí BL trả lần đầu,Guarantee fee paid up front
Phí BL đã trả,Guarantee fee paid
Phí KW phân bổ kỳ (khách hàng #9).,The note fee allocated to the period.
"Phí KW phân bổ kỳ này (khách hàng #9):
• Mode ""% trên lãi"": = % phí × lãi kỳ
• Mode ""Cố định"": = Tổng phí / số kỳ (kỳ cuối nhận dư làm tròn)
Sửa tay được — kỳ đã trả không bị recompute.","The note fee allocated to this period:
• ""% on interest"" mode: = fee rate × interest of the period
• ""Fixed"" mode: = total fee / number of periods (the last period takes the rounding)
Editable — paid periods are never recomputed."
Phí Khế ước (NH),Note fee (bank)
Phí bảo lãnh,Guarantee fee
Phí còn lại,Fee remaining
Phí còn phải trả,Fee still due
"Phí khế ước nhận nợ mặc định của NH này, tính bằng % trên tiền lãi. Auto-load khi tạo KW chọn cách tính phí ""% trên lãi"" — sửa được per-KW.","This bank default note fee, as a percentage of the interest. Loaded automatically when a note uses the ""% on interest"" method — editable per note."
"Phí khế ước nhận nợ:
• Cố định: nhập tổng phí, chia ĐỀU các kỳ
• % trên lãi: % thiết lập theo NH (tab NH trên Liên hệ), phí kỳ = % × lãi kỳ
Số tính ra đều sửa tay được (tổng + từng kỳ).","The promissory note fee:
• Fixed: enter a total and it is split EVENLY across the periods
• % on interest: the rate is set per bank (the Bank tab on the contact), and each period fee = rate × interest of the period
Every computed figure can be edited, both the total and each period."
Phí kỳ,Period fee
Phí phải trả,Fee due
Phí đã trả,Fee paid
Phòng ban,Department
Phương pháp,Method
Phương pháp tính lãi,Interest method
Phương tiện / Thiết bị,Vehicles / equipment
Phạt,Penalty
Phạt / bồi thường,Penalty / compensation
Phạt còn phải trả,Penalty outstanding
Phạt quá hạn,Late penalty
"Phạt trả chậm áp lên số phí + ký quỹ chưa trả khi quá date_expiry. Mặc định 0 — khai theo đúng HĐTD, hệ thống không tự đoán hộ (việc 1437).",The late penalty charged on the unpaid fee and margin deposit past the expiry date. Default 0 — enter what the credit contract says; the system does not guess it for you.
Phạt trả chậm áp lên số phí + ký quỹ chưa trả khi quá date_expiry. Mặc định 10%/năm.,The late penalty charged on the unpaid fee and margin deposit past the expiry date. Default 10%/year.
Phạt đã trả,Penalty paid
Phạt/bồi thường,Penalty / compensation
Phải ghi sổ đánh giá lại trước khi kết chuyển.,The revaluation must be posted before it can be closed out.
"Phải nhập số tiền trả gốc, trả lãi hoặc trả phí.","A principal, interest or fee amount must be entered."
Phải parse file trước.,The file must be parsed first.
Phải thu 30 ngày tới,Receivable in the next 30 days
Phải thu thuê TC %(n)s,Finance lease receivable %(n)s
Phải thu thuê TC (cho thuê lại),Finance lease receivable (as sublessor)
Phải trả 30 ngày tới,Payable in the next 30 days
"Phần chênh lệch được bù trừ ở lần trả nợ này. Do nút ""Net-off chênh lệch"" (trên kỳ lịch lãi hoặc trên dòng trích thu tự động) ghi vào.","The difference absorbed by this repayment. Written by the ""Net off the difference"" button, either on the interest period or on the automatic collection line."
Phần của kỳ nằm TRƯỚC ngày hiệu lực — vẫn tính lãi suất cũ.,The part of the period BEFORE the effective date — still at the old rate.
Phần lãi capitalize,Capitalised interest portion
Phần lãi vào CP,Interest charged to expense
Phần lãi vào CP lãi vay (TK 635).,Interest charged to interest expense (account 635).
Phần lãi vào TK XDCB dở dang (TK 241).,Interest charged to construction in progress (account 241).
"Phần ĐÓNG GÓP BASE (đã nhân tỷ lệ cho vay) mà văn bản thế chấp này dành cho mục đích trên. Tài sản 100 tỷ, tỷ lệ cho vay 70% thì tổng phân bổ tối đa là 70 tỷ.",The BASE CONTRIBUTION (already multiplied by the advance rate) this pledge assigns to the facility above. An asset of 100bn at a 70% advance rate can be allocated up to 70bn in total.
"Phần đã thanh toán của kỳ (quy theo tỷ lệ trả trên hóa đơn, tính trên Tổng kỳ trước thuế).","The paid share of the period (prorated from the invoice payment, on the pre-tax period total)."
Phần đóng góp base chưa chia cho mục đích nào. Còn dư ở đây nghĩa là TSBĐ đã thế chấp nhưng chưa đỡ lưng cho mục đích nào cả — không mục đích nào tăng khả dụng.,Base contribution not yet split across any facility. Anything left here means the collateral is pledged but backs no facility — so no facility gains availability from it.
Phụ lục,Addendum
Phụ lục chứng thư,Certificate amendments
Phụ lục chứng thư BL,Guarantee certificate amendment
Phụ lục ghi thay đổi HĐ (Điều 403 BLDS 2015); bấm,"An addendum records a change to the contract (Article 403, Civil Code 2015); click"
Phụ lục gia hạn cần Ngày hết hạn mới.,An extension amendment needs a new expiry date.
Phụ lục hợp đồng thuê,Lease contract addenda
Phụ lục khế ước,Note amendment
"Phụ lục này không phát sinh hồi tố nên không có gì để tính.
Ô ""Hiệu lực hồi tố"" tự bật khi ngày hiệu lực (%(d)s) rơi vào giai đoạn đã có kỳ lãi ĐƯỢC GHI NHẬN hoặc ĐÃ THANH TOÁN. Khế ước này chưa có kỳ nào như vậy sau ngày đó.
Nếu nghiệp vụ thực tế khác, tick tay ô ""Hiệu lực hồi tố"" rồi bấm lại.","This amendment has no backdated effect, so there is nothing to compute.
""Backdated effect"" switches itself on when the effective date (%(d)s) falls inside a stretch with interest periods already RECOGNISED or PAID. This note has no such period after that date.
If the facts differ, tick ""Backdated effect"" by hand and try again."
Phụ lục này đã áp dụng.,This addendum has already been applied.
Phụ lục này đã được áp dụng.,This amendment has already been applied.
Phụ lục đã tạo (%s),Amendments created (%s)
Phụ lục — %s,Addendum — %s
Pink Book (Sổ hồng),Pink Book
Pivot 3 cấp:,Three-level pivot:
Pledge chưa khai tỷ lệ,Pledges with no advance rate
Pledge cấp Facility cần chọn Facility.,A facility-level pledge needs a facility.
Pledge cấp HĐTD cần chọn HĐTD.,A contract-level pledge needs a credit contract.
Pledge cấp KW cần chọn Khế ước.,A note-level pledge needs a promissory note.
Pledge từ HĐTD (kế thừa) + Facility (kế thừa) + KW (riêng).,"Pledges inherited from the credit contract and the facility, plus the ones on the note itself."
Posted ngay khi tạo — quan điểm: user chỉ nhập khi đã có chứng từ thật.,Posted as soon as it is created — on the view that a user only enters it once a real document exists.
Preview các dòng import,Preview the imported lines
Preview dòng import giấy báo,Advice import preview line
Product Handover (Bàn giao nhà),Product handover
Quy ước ngày tính lãi,Day-count convention
Quyết toán cuối (thu/trả),Final settlement (receive / pay)
Quyết toán ký cược,Security deposit settlement
Quyết toán tài chính,Financial settlement
Quyền tài sản,Property rights
"Quyền đòi nợ từ chủ đầu tư, quyền phát sinh từ hợp đồng.","Receivables from the owner, rights arising under a contract."
Quá hạn,Overdue
Quá hạn 1-30 ngày,1-30 days overdue
Quá hạn 181-365 ngày,181-365 days overdue
Quá hạn 31-60 ngày,31-60 days overdue
Quá hạn 61-90 ngày,61-90 days overdue
Quá hạn 91-180 ngày,91-180 days overdue
Quá hạn > 365 ngày,More than 365 days overdue
Quá hạn chưa trả,Overdue and unpaid
Quá hạn?,Overdue?
Quá thế chấp (cảnh báo),Over-pledged (warning)
Quá thế chấp:,Over-pledged:
Quản lý Vay — Dashboard,Loan Management — Dashboard
Quản lý vay,Loan management
"Quản lý vay vốn, lãi vay, thế chấp, vay nội bộ.","Management of borrowings, interest, pledges and intragroup lending."
Quản trị viên,Administrator
Real Estate Subzone (Phân khu),Real Estate Subzone
Red Book (Sổ đỏ),Red Book
Repayment auto-tạo từ giấy báo nợ ngân hàng trích thu tự động (re.loan.bank.advice).,A repayment created automatically from a bank debit advice (re.loan.bank.advice).
Repayments có interest_line_id = self. Tự tạo bởi advice.action_post hoặc nhập tay từ UI.,"Repayments whose interest line is this one. Created by posting an advice, or entered by hand."
Repayments đã allocate,Repayments allocated
Repayments — Kỳ %s,Repayments — period %s
Required khi pledge_target=facility hoặc note.,Required when the pledge target is a facility or a note.
Reset state về Planning?,Reset the state back to Planning?
Reset state về Planning? Action này dành cho admin sửa lỗi.,Reset the state back to Planning? This action is for administrators fixing mistakes.
Rút ngắn thời gian,Shorten the term
Rút tài sản: %s,Assets withdrawn: %s
Sale Contract (HĐMB),Sale Contract
"Sellable Area (Sử dụng, m²)",Sellable Area (m²)
Sinh phiếu chi cho các đợt thanh toán chưa có? Đối ứng lấy theo tài khoản đã khai cho từng loại (phí / ký quỹ / phạt / gốc).,Generate payments for the instalments that have none? The counter-account comes from what is configured per type (fee / deposit / penalty / principal).
Sinh phiếu chi còn thiếu,Generate the missing payments
So sánh thị trường,Market comparison
Southeast (Đông Nam),Southeast
Southwest (Tây Nam),Southwest
"Suy từ HĐTD. Lưu lại để lọc/nhóm hạn mức theo ngân hàng — số ngân hàng có BIÊN (vài nhà tài trợ, gần như không đổi), khác với số HĐTD tăng dần theo năm.","Derived from the credit contract. Stored so facilities can be filtered and grouped by bank — the number of banks is BOUNDED (a handful of lenders, barely changing), unlike the number of contracts, which grows every year."
Suy từ Mục đích sử dụng vốn. Dùng để lọc: khế ước nhận nợ chỉ chọn được hạn mức nhóm Vay.,Derived from the use of funds. Used for filtering: a promissory note can only pick a facility in the lending group.
Sơ đồ định khoản VAS TT 200,VAS Circular 200 posting scheme
Sắp hết hạn,Expiring soon
Sắp hết hạn (30 ngày),Expiring soon (30 days)
Sẵn sàng (chưa TC),Available (never pledged)
Sẵn sàng — chưa thế chấp,Available — never pledged
Sẽ ĐẢO toàn bộ bút toán đã ghi sổ. Tiếp tục?,This will REVERSE every posted entry. Continue?
Số BL active,Active guarantees
Số HĐ thuê,Lease contract number
Số HĐ:,Contract no.:
Số HĐTD,Credit contract number
Số HĐTD (file),Credit contract number (file)
Số HĐTD trong file '%(c)s' khác HĐTD của KW '%(a)s',The credit contract in the file '%(c)s' differs from the contract of note '%(a)s'
Số HĐTD...,Credit contract number...
Số KW,Note count
Số KW '%s' khớp %s records,Note number '%s' matches %s records
Số TK NH của nhà thầu nhận tiền. Chỉ hiện TK gắn với partner đã chọn ở trên.,The bank account of the contractor receiving the money. Only accounts of the partner selected above are listed.
"Số TSBĐ đang thế chấp nhưng CHƯA khai Tỷ lệ cho vay (%) — chưa tham gia cơ sở bảo đảm, định giá lại các TS này không ảnh hưởng khả dụng.","Number of pledged assets with NO advance rate (%) recorded — they do not enter the borrowing base, and revaluing them changes no availability."
Số UNC / chứng từ NH...,Payment order / bank document number...
Số VB thế chấp,Pledge count
Số bút toán,Entry count
"Số bút toán kế toán do CHÍNH khế ước này sinh ra (giải ngân, ghi nhận lãi, trả nợ).
KHÔNG gồm phiếu chi trả hoá đơn/tạm ứng của nhà thầu — những thứ đó nằm ở nút ""Hoá đơn/Tạm ứng"".","Number of journal entries generated by THIS promissory note itself (disbursement, interest accrual, repayment).
It does NOT include payments of contractor invoices or advances — those sit under the ""Invoices/Advances"" button."
Số chứng thư,Certificate number
Số chứng thư BL,Guarantee certificate number
Số chứng thư BL gắn với HĐTD qua facility.,Number of guarantee certificates linked to the credit contract through a facility.
Số chứng thư NH cấp. Auto sequence nếu để trống.,The certificate number issued by the bank. A sequence is generated if left empty.
Số chứng từ,Document number
Số chứng từ NH,Bank document number
"Số chứng từ giao dịch NH (UNC, ủy nhiệm chi, ...).",The bank transaction reference (payment order and the like).
Số chứng từ giải ngân,Disbursement document number
Số dư luỹ kế,Running balance
Số dư phía kế toán = Σ Có − Σ Nợ trên TK Vay (TK 3411) filtered theo KW.,Accounting balance = Σ credits − Σ debits on the loan account (3411) filtered by promissory note.
"Số dư tài khoản vay của khế ước này trên SỔ CÁI (Σ Có − Σ Nợ). Đây là con số kế toán đang mang, không phải số quy đổi lại từ sổ vay.","The loan-account balance of this note in the GENERAL LEDGER (Σ credits − Σ debits). This is the figure accounting carries, not a figure re-derived from the loan ledger."
Số dương = phải trả lại bên kia; âm = còn phải thu.,A positive figure is payable to the other party; a negative one is still receivable.
"Số dự án này rút được NGAY = số NHỎ NHẤT của: ① phân bổ − dư nợ dự án · ② TSBĐ riêng dự án (+ bể chung với tới được) − dư nợ dự án · ③ hạn mức còn của facility và TSBĐ chung toàn HĐTD.
Bằng 0 dù hạn mức còn là ĐÚNG nghiệp vụ (tài liệu tài liệu nghiệp vụ §9.8): dư nợ đã dùng hết TSBĐ. Xem cột ""Đang bị chặn bởi"" để biết phải xử lý gì.","What this project can draw RIGHT NOW = the SMALLEST of: ① allocation − project outstanding · ② project collateral (+ the shared pool it can reach) − project outstanding · ③ the facility limit remaining and the collateral shared across the credit contract.
Zero while limit remains is business-correct (business spec §9.8): the outstanding debt has consumed the collateral. See the ""Blocked by"" column for what to do."
Số facility/HĐTD có dư nợ vượt cơ sở bảo đảm (margin call).,Number of facilities / credit contracts whose outstanding exceeds the borrowing base (margin call).
Số giấy báo,Advice number
Số hạn mức,Facilities
Số hạn mức đang dùng,Facilities in use
Số hợp đồng tín dụng do ngân hàng cấp (nhập tay).,The credit contract number given by the bank (entered by hand).
Số khế ước,Note number
Số khế ước (file),Note number (file)
Số khế ước chưa có bút toán nào trên sổ cái — bị loại khỏi bút toán đánh giá lại.,Number of promissory notes with no entry at all in the ledger — excluded from the revaluation entry.
Số khế ước nhận nợ do ngân hàng cấp (nhập tay).,The promissory note number given by the bank (entered by hand).
Số khế ước...,Note number...
Số kỳ,Periods
Số kỳ (file),Period (file)
Số kỳ cắt bớt (không dưới số kỳ đã lên hóa đơn).,Periods removed (not below the number already invoiced).
Số kỳ cộng thêm.,Periods added.
Số kỳ gia hạn,Extension periods
Số kỳ không hợp lệ: '%s',Invalid period: '%s'
Số kỳ phải lớn hơn 0.,The number of periods must be greater than 0.
Số kỳ rút ngắn,Periods removed
Số kỳ sai định dạng,The period is in the wrong format
Số kỳ ảnh hưởng,Periods affected
Số kỳ: %(o)s → %(n)s (gia hạn +%(e)s),Periods: %(o)s → %(n)s (extended by %(e)s)
Số kỳ: %(o)s → %(n)s (rút %(r)s),Periods: %(o)s → %(n)s (shortened by %(r)s)
Số liệu thời gian thực — click số để xem chi tiết,Real-time figures — click a number to drill down
Số lượng,Quantity
Số lượng (mới),Quantity (new)
Số lần TT,Payments
Số lần thế chấp,Times pledged
Số ngày,Days
Số ngày còn lại,Days remaining
Số ngày lãi cũ,Interest days at the old rate
Số ngày lãi mới,Interest days at the new rate
Số ngày nhắc không được âm.,The reminder lead time cannot be negative.
Số ngày quá hạn,Days overdue
Số ngày trễ,Days late
Số nhà + tên đường,House number + street name
Số phiếu,Sheet number
Số phiếu chi,Payment count
"Số phiếu chi / phiếu thu thật trong sổ kế toán sinh từ chứng thư này. Khác với ""Đợt thanh toán"" — đó là bảng theo dõi nghĩa vụ của chứng thư.","The number of real payments / receipts in the books generated from this certificate. Different from ""Instalments"", which is the obligation schedule of the certificate."
Số phụ lục,Addendum number
Số phụ lục NH cấp (nhập tay).,The amendment number given by the bank (entered by hand).
Số phụ lục NH cấp.,The amendment number issued by the bank.
Số phụ lục NH cấp...,Amendment number issued by the bank...
Số phụ lục...,Addendum number...
Số repayment đã tạo,Repayments created
Số serial / khung,Serial / chassis number
Số serial / khung (mới),Serial / chassis number (new)
Số sổ hồng / sổ đỏ issued by Sở TN&MT.,Title certificate number issued by the Department of Natural Resources and Environment.
Số tháng khấu hao,Depreciation months
Số tháng khấu hao phải lớn hơn 0.,The number of depreciation months must be greater than 0.
Số thông báo,Notice number
"Số thông báo do NH phát hành (nhập theo chứng từ NH), hoặc để ""Mới"" để hệ thống tự sinh.","The notice number issued by the bank (copy it from the bank document), or leave it as ""New"" to have one generated."
Số thông báo điều chỉnh LS của NH — ghi vào số phụ lục từng KW để trace ngược.,The bank rate-change notice number — written on each note amendment so it can be traced back.
Số thế chấp đang hiệu lực,Active pledges
Số tiền,Amount
"Số tiền = 0, không cần post.","The amount is 0, nothing to post."
Số tiền KW,Note amount
"Số tiền KW (%(a)s) vượt hạn mức còn lại của facility '%(f)s' (%(m)s). Tăng hạn mức facility, trả bớt KW khác, hoặc giảm số tiền KW này.","The note amount (%(a)s) exceeds the remaining limit of facility '%(f)s' (%(m)s). Raise the facility limit, repay other notes, or lower this amount."
Số tiền KW (%(amt)s) vượt hạn mức còn lại của facility '%(fac)s' (%(avail)s).,The note amount (%(amt)s) exceeds the remaining limit of facility '%(fac)s' (%(avail)s).
Số tiền KW không được âm.,The note amount cannot be negative.
Số tiền KW phải > 0 trước khi gửi NH.,The note amount must be > 0 before it is sent to the bank.
Số tiền KW phải lớn hơn 0 trước khi gửi NH / kích hoạt.,The note amount must be greater than 0 before sending it to the bank or activating it.
Số tiền NH cam kết trả nếu vi phạm. CHIẾM HẠN MỨC facility khi state=active.,The amount the bank undertakes to pay on default. It CONSUMES the facility limit while the state is active.
Số tiền NH thực tế trả cho beneficiary khi BL bị thu.,The amount the bank actually paid the beneficiary when the guarantee was called.
Số tiền NH trích chưa allocate vào kỳ nào (= amount - allocated - net_off - đã chuyển phân bổ tiếp). DIFFER với chênh lệch kỳ — xem amount_diff_period.,The collected amount not yet allocated to any period (= amount − allocated − netted off − carried forward). Different from the period difference — see the dedicated field.
Số tiền NH đã trích từ TK doanh nghiệp cho KW này.,The amount the bank took from the company account for this note.
Số tiền NH đã trả thay,Amount paid by the bank
"Số tiền cam kết của KW. Khi user thêm/sửa giải ngân, field này tự = Σ số tiền các dòng giải ngân (onchange). User vẫn override tay được nếu cần.","The committed amount of the note. When disbursements are added or changed, this field follows Σ of the disbursement lines. It can still be overridden by hand."
"Số tiền chênh lệch lẻ tối đa mà kế toán được phép bù trừ thẳng trên một kỳ lịch lãi (nút ""Net-off chênh lệch""). Chênh lệch vượt ngưỡng này bắt buộc phải tạo trả nợ chính thức để có vết kiểm toán. Đặt 0 để cấm net-off hoàn toàn.","The largest rounding difference accounting may absorb directly on an interest period (the ""Net off the difference"" button). Anything above it requires a formal repayment so there is an audit trail. Set 0 to forbid netting off entirely."
Số tiền chênh lệch trên thông báo NH (luôn nhập số dương; loại Nợ/Có quyết định tăng hay giảm).,The difference stated on the bank notice (always enter a positive figure; the debit/credit type decides whether it adds or subtracts).
Số tiền còn lại,Remaining amount
Số tiền cố định,Fixed amount
"Số tiền của KỲ này CÒN PHẢI TRẢ sau khi NH đã trích (= gốc còn + lãi còn của kỳ). > 0 = kỳ thiếu, NH trích bớt vài đồng do làm tròn. Click ""Net-off"" để tự absorb nếu còn trong ngưỡng cấu hình. Chỉ tính khi phiếu đã được đăng (state=posted) + dòng có chỉ định kỳ.","What THIS period still owes after the bank collection (= principal left + interest left). Above 0 means the period is short, usually by a few dong of rounding. Click ""Net off"" to absorb it if it is within the configured threshold. Only computed once the advice is posted and the line designates a period."
Số tiền dự kiến phải trả NH cho đợt này.,The amount expected to be paid to the bank for this instalment.
"Số tiền gốc phải trả kỳ này, tự tính theo Kế hoạch trả gốc:
• Trả gốc cuối kỳ (Bullet): các kỳ 0đ, kỳ cuối = full gốc
• Trả gốc đều: mỗi kỳ = số tiền KW / số kỳ
• Tuỳ chỉnh: user nhập tay từng dòng","The principal due this period, computed from the repayment plan:
• Bullet: every period is 0 and the last one carries the whole principal
• Equal principal: each period = note amount / number of periods
• Custom: entered by hand on each line"
Số tiền hạn mức,Facility amount
Số tiền hạn mức không được âm.,The facility amount cannot be negative.
Số tiền hạn mức đang là %(v)s đ — vượt ngưỡng 500.000 tỷ mà giao diện hiển thị chính xác được. Kiểm lại số chữ số rồi nhập lại.,"The facility amount is %(v)s — beyond the 500,000 billion the interface can display accurately. Check the number of digits and enter it again."
Số tiền không hợp lệ,Invalid amount
Số tiền không hợp lệ (= %s),Invalid amount (= %s)
"Số tiền khế ước vượt hạn mức khả dụng của mục đích — tức là TSĐB đã phân bổ cho mục đích đó chưa đỡ đủ. CHỈ CẢNH BÁO, không chặn: ngân hàng mới là bên quyết định cuối.","The note amount exceeds the facility availability — the collateral allocated to that facility does not cover it. WARNING ONLY, not a block: the bank has the final say."
Số tiền ký quỹ,Margin deposit amount
Số tiền ký quỹ phải nộp,Margin deposit payable
Số tiền mới,New amount
Số tiền mới phải lớn hơn 0.,The new amount must be greater than 0.
"Số tiền net-off chênh lệch giữa số NH trích thực tế và số phải trả các kỳ. Positive: NH trả dư (write off / làm tròn). Negative: NH trích thiếu (ghi nợ, bù kỳ sau). Sau net-off: chưa allocate = amount - đã allocate - net-off → nên về 0.","The difference netted off between what the bank actually collected and what the periods owed. Positive: the bank took too much (written off / rounding). Negative: it took too little (recorded as debt, topped up next period). After netting off, the unallocated amount should be 0."
Số tiền phân bổ,Allocated amount
Số tiền phân bổ không được âm.,The allocated amount cannot be negative.
"Số tiền phí của row này. = amount khi pg_kind=fee, = 0 với các cấu phần khác.","The fee amount of this row. = amount when the component is a fee, = 0 otherwise."
Số tiền phải trả,Amount payable
Số tiền phải trả của đợt phải > 0.,The amount payable of an instalment must be > 0.
Số tiền sẽ thanh toán kỳ này,Amount to pay this time
Số tiền sẽ thanh toán kỳ này (%(amount)s) vượt số tiền còn lại của hoá đơn (%(remaining)s). Hoá đơn %(invoice)s đã được phân bổ ở hồ sơ giải ngân khác.,The amount to pay this time (%(amount)s) exceeds the remaining amount of the invoice (%(remaining)s). Invoice %(invoice)s is already allocated on another disbursement dossier.
Số tiền sẽ thanh toán phải > 0.,The amount to pay must be > 0.
Số tiền thanh toán cho hoá đơn này trong lần giải ngân hiện tại. Tự điền bằng số còn lại của hoá đơn khi chọn hoá đơn — sửa được. Σ các hồ sơ = số tiền giải ngân.,Amount paid against this invoice in the current disbursement. Filled in automatically with the invoice remaining amount when an invoice is selected — editable. Σ dossiers = disbursement amount.
Số tiền thanh toán phải > 0.,The payment amount must be > 0.
Số tiền thuê,Rent amount
Số tiền thông báo phải > 0. Loại Nợ/Có quyết định tăng hay giảm — không nhập số âm.,The notice amount must be > 0. The debit/credit type decides whether it adds or subtracts — do not enter a negative figure.
Số tiền trích thu,Amount collected
Số tiền trích thu phải > 0.,The amount collected must be > 0.
Số tiền trả không được âm.,A payment amount cannot be negative.
Số tiền đã thanh toán,Amount paid
Số tiền ở đây,The amount here
Số tài khoản,Account number
Số văn bản NH,Bank document number
Số văn bản thế chấp,Pledge document number
Số đang ghi sổ,Carrying amount
Số đã dùng đầu kỳ không được âm.,The opening amount used cannot be negative.
"Số đã rút / đã phát hành theo hạn mức này TRƯỚC khi đưa vào hệ thống, mà không có khế ước tương ứng trong hệ thống. Để 0 nếu hạn mức được theo dõi đầy đủ từ đầu.
Khai số này thì ""Đã sử dụng"" và ""Còn lại"" mới khớp sao kê ngân hàng.","What had been drawn or issued on this facility BEFORE it entered the system, with no matching note here. Leave 0 if the facility has been tracked in full from the start.
Without this figure, ""Used"" and ""Remaining"" will not agree with the bank statement."
Số đầu kỳ (hạn mức đã chạy trước khi vào hệ thống),Opening balance (the facility was already running before the system)
Số đề nghị,Request number
Số đề nghị tạm ứng / số hợp đồng làm căn cứ tạm ứng — số NH đọc trên bộ hồ sơ.,Advance payment request number / contract number the advance is based on — the reference the bank reads on the file.
Số đồng tiền hạch toán cho 1 đơn vị nguyên tệ. Mặc định lấy từ bảng tỷ giá tại ngày đánh giá lại; sửa tay được khi dùng tỷ giá ngân hàng công bố.,Accounting currency per unit of foreign currency. Defaults to the rate table at the revaluation date; editable when the bank published rate is used instead.
"Số đợt thanh toán ĐÃ xác nhận nhưng chưa sinh phiếu chi. Thường là đợt ghi nhận trước khi có tính năng này, hoặc ghi lúc chưa khai tài khoản kế toán.","Number of confirmed instalments with no payment generated. Usually instalments recorded before this feature existed, or recorded while the accounts were not configured."
Sổ Nhật ký,Journal
Sổ Nhật ký (override),Journal (override)
Sổ Nhật ký Vay,Loan Journal
Sổ nhật ký,Journal
Sổ nhật ký (bút toán),Journal (entries)
Sổ nhật ký chi (BL),Payment journal (guarantees)
"Sổ nhật ký dùng khi sinh phiếu chi cho các đợt thanh toán chứng thư BL. Nếu đợt thanh toán có khai ""Tài khoản chuyển tiền"" thì hệ thống ưu tiên sổ của đúng tài khoản đó; ô này là mức dự phòng.","The journal used when generating payments for guarantee certificate instalments. If an instalment has a ""Transfer account"", the journal of that account wins; this field is the fallback."
"Sổ đỏ/sổ hồng, đăng ký, số seri...","Title certificate, registration, serial number..."
"Sổ đỏ/sổ hồng, đăng ký...","Title certificate, registration..."
Sử dụng HĐTD,Credit contract usage
Sử dụng hạn mức,Facility usage
Sử dụng thực tế: measured at handover. May trigger price rebate/charge if it differs from area_sellable on HĐMB.,Actual sellable area measured at handover. May trigger a price rebate or surcharge if it differs from the sellable area on the sale contract.
Sửa tay,Manual
Sửa tay Lịch lãi:,Editing the interest schedule by hand:
Sửa tay tiền lãi (khi NH tính lệch),Enter the interest by hand (when the bank computes it differently)
Sửa tay được từng KW (biên độ khác nhau).,Editable per note (margins differ).
TK CP lãi vay (Expense),Interest expense account
TK CP lãi vay (override),Interest expense account (override)
TK Chênh lệch tỷ giá,FX difference account
TK Lãi phải trả (override),Interest payable account (override)
TK Lãi tỷ giá (kết chuyển),FX gain account (closing)
TK Lãi vay phải trả,Interest payable account
TK Lỗ tỷ giá (kết chuyển),FX loss account (closing)
TK NH của doanh nghiệp dùng để trả nợ đợt này (khách hàng #24).,The company bank account used for this repayment.
TK NH của doanh nghiệp...,Company bank account...
TK Tiền gửi NH (Bank),Bank account
TK Tiền gửi NH (override),Bank account (override)
TK XDCB dở dang (Capitalized),Construction in progress account (capitalised)
TK chi phí khấu hao (627/641/642),Depreciation expense account (627/641/642)
TK chi phí — Phí BL,Expense account — guarantee fee
TK chi phí — Phạt quá hạn,Expense account — late penalty
TK của công ty tại NH đã chọn — auto fill nếu chỉ có 1.,The company account at the chosen bank — filled in automatically when there is only one.
TK hao mòn lũy kế (2142),Accumulated depreciation account (2142)
TK hoàn gốc BL bị thu,Account for repaying a called guarantee
TK kiểm soát dòng tiền,Cash-flow control account
TK ký quỹ,Margin deposit account
TK lãi thuê (635 / 515),Lease interest account (635 / 515)
TK nợ gốc thuê TC (341x...),Finance lease liability account (341x...)
TK phải thu thuê TC,Finance lease receivable account
TK tiền thuê (627.../511x),Rent account (627... / 511x)
TK trích thu,Account collected from
TK tài sản thuê TC (212...),Finance lease asset account (212...)
TS thuê TC %(n)s,Finance lease asset %(n)s
"TSBĐ KHÔNG gắn dự án mà facility này với tới được, trừ phần các dự án khác (và KW không gắn dự án) đang tựa vào.","Collateral with NO project that this facility can reach, less what the other projects (and notes with no project) are already leaning on."
TSBĐ chung toàn HĐTD,Collateral shared across the credit contract
TSBĐ gắn riêng KW,Collateral tied to the note alone
TSBĐ phân bổ cho mục đích này,Collateral allocated to this facility
"TSBĐ quyền đòi nợ thuộc dự án nào. Có bộ thi công thì tự lấy từ IPC/HĐ CĐT; không có thì chọn tay. TRỐNG = tài sản chung của doanh nghiệp, bảo đảm chung cho toàn bộ gói tín dụng (bể dùng chung).",Which project a receivable-type collateral belongs to. With the construction suite it comes from the IPC / owner contract; otherwise pick it manually. EMPTY = a corporate asset securing the whole credit package (shared pool).
TSBĐ riêng Facility,Collateral tied to the facility
TSBĐ riêng dự án,Project-specific collateral
TSBĐ riêng facility,Facility-specific collateral
"TSBĐ đang thế chấp chưa khai ""Tỷ lệ cho vay (%)""","Pledged collateral with no ""Advance rate (%)"" recorded"
TSBĐ đã phân bổ,Collateral allocated
"Tham chiếu res.bank (chi nhánh, mã NH). CHỈ hiện các res.bank thuộc Ngân hàng đã chọn — nếu trống thì cần chọn NH trước.","A reference to res.bank (branch, bank code). ONLY branches of the chosen bank are listed — if it is empty, pick the bank first."
Thanh lý,Settle
Thanh lý HĐ thuê,Lease contract settlement
Thanh lý ngày %(d)s. Hoàn ký cược: %(r)s. Quyết toán cuối: %(f)s.,Settled on %(d)s. Security deposit refunded: %(r)s. Final settlement: %(f)s.
Thanh lý tài sản bảo đảm,Dispose of the collateral
Thanh lý tài sản ngày %(d)s — %(r)s,Asset disposed of on %(d)s — %(r)s
Thanh toán,Payment
Thanh toán kỳ %s,Payment of period %s
Thanh toán kỳ này,Paid this time
Thanh toán một phần,Partially paid
Thanh toán — %s,Payment — %s
Thay thế tài sản,Replace an asset
Thay thế tài sản: %(o)s → %(n)s,Asset replaced: %(o)s → %(n)s
Theo dõi,Tracking
Theo dõi thanh toán,Payment tracking
This partner is a bank or lender (bên cho vay). Used to filter the lender field on credit contracts (re_loan).,This partner is a bank or lender. Used to filter the lender field on credit contracts (re_loan).
"This partner is a contractor (NT — nhà thầu xây dựng). Used to filter contractor_id field on rp.contract, rp.tender.package, etc. Chuẩn Odoo dùng res.partner cho mọi nghiệp vụ kế toán; flag này thay cho rp.contractor model riêng.","This partner is a construction contractor. Used to filter the contractor_id field on rp.contract, rp.tender.package and the like. Odoo uses res.partner for all accounting operations; this flag replaces a separate rp.contractor model."
Thiết bị · Thuê tài chính thiết bị thi công,Equipment · Finance lease of construction equipment
"Thiết bị · Vay mua máy móc, thiết bị thi công",Equipment · Borrowing to buy machinery and construction equipment
Thiếu Số khế ước,The note number is missing
Thiếu bảo đảm,Under-collateralised
Thiếu bảo đảm (margin call):,Under-collateralised (margin call):
Thu nhập,Income
Thuê tài chính: Giá trị tài trợ phải lớn hơn 0.,Finance lease: the financed value must be greater than 0.
Thuê tài chính: gốc chưa nằm trên hóa đơn đã vào sổ.,Finance lease: the principal is not on a posted invoice yet.
Thuê tài sản — Dashboard,Asset Leasing — Dashboard
Thuê tài sản: ghi sổ khấu hao đến hạn,Asset leasing: post due depreciation
Thuần (lỗ − lãi),Net (loss − gain)
Thuế VAT,VAT
Thuế áp lên dòng tiền thuê / lãi trên hóa đơn (nếu có).,Tax applied to the rent / interest line on the invoice (if any).
Tháng,Months
Tháng trả,Month paid
Tháng × {Kế hoạch / Đã trả},Month × {plan / paid}
Tháng đến hạn (kế hoạch) hoặc tháng trả (thực tế).,The month it falls due (plan) or the month it was paid (actual).
Thêm facility,Add a facility
Thêm ngân hàng đầu tiên,Add the first bank
Thêm tổ chức / người định giá đầu tiên,Add the first valuer
Thông báo,Notice
Thông báo Có (truy hoàn — giảm trừ),Credit notice (refund — deduction)
Thông báo NH sinh ra dòng điều chỉnh này.,The bank notice that produced this adjustment line.
Thông báo Nợ (truy thu — khách trả thêm),Debit notice (additional collection — the customer pays more)
Thông báo Nợ/Có,Debit / credit notice
Thông báo Nợ/Có (điều chỉnh lãi),Debit / credit notice (interest adjustment)
Thông thuỷ thực tế: measured at handover.,Actual net area measured at handover.
Thông tin,Information
Thông tin pháp lý,Legal information
Thông tin phụ lục,Amendment details
Thông tin thông báo,Notice details
Thư nhắc,Reminder
Thư nhắc bảo lãnh,Guarantee reminders
"Thương mại · L/C nhập khẩu thiết bị, vật tư công trình",Trade · L/C for importing equipment and site materials
Thương mại · Tài trợ thương mại khác,Trade · Other trade finance
Thương mại · Tín dụng chứng từ (L/C),Trade · Documentary credit (L/C)
Thường là chính company (tổng thầu).,Usually the company itself (the main contractor).
Thấu chi (Overdraft),Overdraft
Thẩm định giá,Valuation
Thế chấp,Pledge
Thế chấp (multi-bank),Pledges (multi-bank)
Thế chấp 1 phần — còn dư,Partly pledged — value left
Thế chấp này đã được giải chấp.,This pledge has already been released.
Thế chấp tài sản,Pledge assets
Thế chấp tài sản ở màn hình,Pledge assets on the screen
Thời gian,Dates
Thời hạn,Term
Thời điểm,Timestamp
Thời điểm duyệt,Approved at
Thời điểm tính,Computed at
Thụ hưởng:,Beneficiary:
Thứ tự,Sequence
Thực tế / 360,Actual / 360
Thực tế / 365,Actual / 365
"Tick để chia sẻ phần thừa hạn mức của facility này với các facility KHÁC cũng tick liên thông (dùng chung pool). Facility KHÔNG tick = hạn mức khoá cứng cho mục đích đó, không cho mượn cũng không vay nhờ. Σ hạn mức các facility (tick hay không) đều KHÔNG được vượt tổng HĐTD.","Tick it to share this facility spare limit with the OTHER facilities that are also ticked (one common pool). An unticked facility has its limit locked to its purpose: it neither lends nor borrows headroom. Either way, Σ facility limits must NEVER exceed the credit contract total."
Tim tường thực tế: measured at handover.,Actual gross area measured at handover.
Tiến độ thanh toán,Payment progress
"Tiền NH trích dư %(o)s ₫ vượt ngưỡng net-off %(t)s ₫ — số này quá lớn để bỏ qua. Dùng nút ""Phân bổ tiếp"" trên phiếu để rót sang kỳ khác.","The bank over-collected %(o)s ₫, beyond the net-off threshold of %(t)s ₫ — too large to absorb. Use ""Carry forward"" on the advice to move it to other periods."
Tiền gốc,Principal
Tiền gốc còn phải trả,Principal outstanding
Tiền gốc phải trả,Principal due
Tiền gốc đã trả,Principal paid
Tiền gốc: hoàn trả NH số tiền NH đã trả thay cho beneficiary (khi BL bị thu / forfeited).,Principal: repaying the bank the amount it paid the beneficiary when the guarantee was called.
Tiền lãi,Interest
Tiền lãi (sửa tay),Interest (manual)
Tiền lãi và Tổng phải trả bên trái đổi theo số này khi bấm Lưu.,The interest and total due on the left follow this figure once you save.
Tiền lãi đã trả,Interest paid
Tiền net-off,Netted-off amount
Tiền phí,Fee amount
Tiền phạt phải trả,Penalty payable
Tiền phải trả,Amount due
Tiền ra,Money out
Tiền thuê / kỳ (trước thuế),Rent per period (before tax)
Tiền thuê kỳ,Rent of the period
Tiền thuê — %(l)s,Rent — %(l)s
Tiền tệ,Currency
Tiền vào,Money in
"Tiền ĐÃ THU vượt nghĩa vụ của kỳ (gốc + lãi + phí), gồm hai nguồn:
• dòng trả nợ nhập thừa cho kỳ; và
• phần ngân hàng trích cho kỳ này nhưng KHÔNG rót hết vào kỳ (giấy báo chỉ rót tối đa bằng nghĩa vụ, phần thừa nằm lại ở ""Chưa allocate"" của giấy báo).
Con số này KHÔNG mất đi sau khi net-off — nó ghi nhận là đã từng thu dư bao nhiêu.","Money COLLECTED beyond what the period owed (principal + interest + fee), from two sources:
• a repayment entered for more than the period needed; and
• what the bank collected for this period but did not fully pour into it (an advice allocates at most the obligation, and the surplus stays in its ""Not allocated"").
This figure does NOT disappear after a net-off — it records how much was over-collected."
Toàn bộ TSBĐ của HĐTD này chia xuống từng mục đích. Giá trị phân bổ là phần,All collateral of this credit contract split across the facilities. The allocated value is the
Toàn bộ pledge (mọi cấp),All pledges (every level)
Trong hạn,Current
"True khi cả 3 nhóm (phí + ký quỹ + phạt) đều paid >= amount. Auto chuyển settled khi True + state ∈ (issued, extended).","True when all three (fee, margin deposit, penalty) are paid in full. Moves to settled automatically when true and the state is issued or extended."
True khi cả 3 nhóm (phí + ký quỹ + phạt) đều paid >= amount. Khi True + state=active → tự tất toán.,"True when all three (fee, margin deposit, penalty) are paid in full. When true and the state is active, it settles automatically."
True khi quá Ngày hết hạn định giá.,True once the valuation expiry date has passed.
True nếu còn ≤ 30 ngày tới hết hạn.,True when 30 days or fewer remain to expiry.
True nếu đã quá ngày hết hạn.,True when the expiry date has passed.
Trên tab,On the tab
Trích dư,Over-collected
Trích thu tự động,Automatic collection
Trích thu tự động từ NH,Automatic collection by the bank
Trùng số KW,Duplicate note number
Trước,Before
Trường text cũ — giữ để xem dữ liệu lịch sử; bản ghi mới dùng dropdown Tổ chức thẩm định giá.,"The old free-text field, kept so historical data stays readable; new records use the valuation firm dropdown."
Trạng thái,Status
Trạng thái = OK,Status = OK
Trạng thái chứng thư,Certificate status
Trạng thái kỳ,Period status
Trạng thái kỳ lãi/gốc (chỉ cho dòng kế hoạch). Dòng đã trả → trống.,The status of the interest / principal period (planned rows only). Paid rows leave it empty.
Trạng thái phân bổ,Allocation status
"Trạng thái phản ánh giá trị còn lại của TS:
• Sẵn sàng: chưa thế chấp lần nào
• Thế chấp 1 phần: đã có thế chấp, còn giá trị thể thế chấp thêm — vd BĐS 10 tỷ đã đem 6 tỷ thế chấp BIDV, còn 4 tỷ có thể thế chấp NH khác
• Đã thế chấp hết: Σ đảm bảo ≈ giá trị TS
• Quá thế chấp: Σ đảm bảo > giá trị (cảnh báo — sai sót)
• Đã thanh lý: TS đã bán, không dùng nữa","The status reflects how much value the asset has left:
• Available: never pledged
• Partly pledged: pledged, with value left to pledge — e.g. a 10bn property with 6bn pledged to one bank still has 4bn for another
• Fully pledged: Σ secured ≈ the asset value
• Over-pledged: Σ secured > the value (a warning — something is wrong)
• Disposed: the asset has been sold and is no longer used"
Trạng thái Δ,Δ status
Trả gốc,Principal repayment
Trả gốc %s,Principal repayment %s
Trả gốc cuối kỳ (Bullet),Bullet (principal at maturity)
Trả gốc đều,Equal principal
Trả kỳ %(p)s của KW %(n)s,Payment of period %(p)s on note %(n)s
Trả lãi,Interest payment
Trả lãi %s,Interest payment %s
Trả lần đầu - Phí BL (%(d)s),Up-front payment - guarantee fee (%(d)s)
Trả một phần,Partly paid
Trả nợ,Repayment
Trả nợ %(kw)s — %(ref)s,Repayment %(kw)s — %(ref)s
Trả nợ %s,Repayment %s
Trả nợ khế ước,Note repayment
Trả nợ kỳ %s,Repayment of period %s
Trả nợ này đã có bút toán %s.,This repayment already has journal entry %s.
Trả phí,Fee payment
Trả tay,Paid manually
Trần rút thực tế của HĐTD theo cơ sở bảo đảm (borrowing base). Hạn mức hợp đồng có thể lớn hơn số này — phần vượt chỉ rút được khi bổ sung TSBĐ / nghiệm thu thêm với CĐT.,The real drawing ceiling of the credit contract per the borrowing base. The contractual limit can be higher — the excess is only drawable once more collateral is pledged or more work is certified with the owner.
Trễ trên 30 ngày,More than 30 days late
Tuần hoàn,Revolving
Tuần hoàn (Revolving),Revolving
Tuần hoàn:,Revolving:
Tuỳ chỉnh,Custom
Tài chính,Finance
"Tài chính: chuyển giao phần lớn rủi ro/lợi ích (thuê mua, quyền mua lại giá ưu đãi...) — lịch tách gốc+lãi. Hoạt động: thuê thường, tiền thuê đều theo kỳ.","Finance: substantially all risks and rewards are transferred (hire purchase, bargain purchase option...) — the schedule splits principal and interest. Operating: ordinary rental with a flat rent per period."
Tài khoản,Account
Tài khoản NH của Nhà thầu,Contractor bank account
Tài khoản NH của doanh nghiệp dùng để thanh toán đợt này (khách hàng #16). Chỉ hiện TK của công ty hiện tại.,The company bank account used to pay this instalment. Only accounts of the current company are shown.
Tài khoản NH của doanh nghiệp được trích thu — auto fill nếu chỉ có 1 TK tại NH này.,The company bank account the money is taken from — filled in automatically when there is only one at this bank.
Tài khoản Quản lý Vay (Realty Loan),Loan Management accounts
Tài khoản bị trích,Account debited
Tài khoản chuyển tiền,Transfer account
Tài khoản chênh lệch tỷ giá đánh giá lại cuối kỳ (vd TK 4131). Bắt buộc để chạy Đánh giá lại tỷ giá.,Account for period-end FX revaluation differences (e.g. 4131). Required to run an FX revaluation.
Tài khoản kế toán (override company default),Accounts (override the company default)
"Tài khoản kế toán dùng theo dõi dòng tiền chủ đầu tư thanh toán về theo HĐTD này.
LƯU Ý: từ backlog 754, ô này là TÀI KHOẢN KẾ TOÁN (COA) chứ không còn là số tài khoản ngân hàng. Vì vậy điều kiện giải ngân số 7 không tự chấm được nữa — số hiệu tài khoản kế toán không so được với số tài khoản trên sao kê — và chuyển sang ô tick tay ""7. Tiền về đúng TK (xác nhận tay)"".","The accounting account used to track the money the owner pays back under this credit contract.
NOTE: this field is an ACCOUNT in the chart of accounts, no longer a bank account number. Disbursement condition 7 can therefore no longer be scored automatically — an account code cannot be compared with the account number on a bank statement — and moved to the manual tick box ""7. Money received in the right account (manual confirmation)""."
Tài khoản kế toán — Quản lý Vay,Accounts — Loan Management
Tài khoản lãi vay,Interest account
Tài khoản nợ vay,Loan liability account
Tài khoản nợ vay (vd TK 3411 Vay ngắn hạn / 3412 Vay dài hạn).,Loan liability account (e.g. 3411 short-term borrowings / 3412 long-term borrowings).
Tài khoản phải trả lãi vay (vd TK 33531).,Interest payable account (e.g. 33531).
Tài khoản thanh toán,Payment account
Tài khoản tiền gửi ngân hàng (vd TK 1121).,Bank deposit account (e.g. 1121).
Tài liệu đính kèm,Attached documents
Tài liệu đính kèm (chứng thư định giá),Attachments (valuation certificate)
Tài sản,Asset
"Tài sản ""%(n)s"" còn %(c)s văn bản thế chấp hiệu lực — giải chấp trước khi thanh lý.","Asset ""%(n)s"" still has %(c)s active pledge(s) — release them before disposing of it."
"Tài sản ""%(n)s"" đang có %(c)s văn bản thế chấp còn hiệu lực. Giải chấp hết rồi mới thanh lý được.","Asset ""%(n)s"" has %(c)s active pledge(s). All of them must be released before it can be disposed of."
"Tài sản ""%s"" đã thanh lý rồi.","Asset ""%s"" has already been disposed of."
Tài sản bảo đảm,Collateral
Tài sản mục tiêu,Target asset
Tài sản thuê,Leased assets
Tài sản × Mục đích,Asset × Facility
Tài sản đã bán hoặc không còn dùng làm bảo đảm. Vẫn hiển thị trong danh sách để tra cứu lịch sử.,The asset has been sold or is no longer used as collateral. It stays in the list for historical reference.
Tài sản đã thanh lý,Disposed assets
Tài sản đảm bảo,Collateral
Tài sản đảm bảo (riêng facility),Collateral (facility only)
"Tài sản đảm bảo cho khoản vay: BĐS, phương tiện, quyền tài sản, cổ phần... Định giá nhiều lần; một tài sản có thể thế chấp cho nhiều khoản (multi-pledge).","Assets securing the borrowings: real estate, vehicles, property rights, shares and so on. They can be valued many times, and one asset can secure several facilities."
Tách dòng gốc / lãi / phí → pivot xem riêng từng cấu phần dòng tiền.,"Principal, interest and fee are separate rows, so a pivot can show each cash-flow component on its own."
Tên chi nhánh,Branch name
Tên file,File name
Tên hạn mức,Facility name
Tên mục đích,Purpose name
Tên tài sản,Asset name
Tên tài sản (mới),Asset name (new)
Tên tài sản...,Asset name...
"Tình trạng tài sản khi thanh lý, ghi chú quyết toán...","Asset condition at settlement, settlement notes..."
Tình trạng tài sản khi thanh lý: %s,Asset condition at settlement: %s
Tình trạng tài sản: đã,Asset condition:
Tính chênh lệch,Compute the difference
"Tính chênh lệch hồi tố: %(n)s kỳ ảnh hưởng, tổng Δ = %(d)s. Bảng này chỉ ghi nhận, chưa sửa lịch lãi.","Backdated difference computed: %(n)s period(s) affected, total Δ = %(d)s. This table only records it; the interest schedule is untouched."
Tạm ứng,Advance payment
Tạo 1 dòng trả nợ với gốc + lãi của kỳ này?,Create one repayment with the principal and interest of this period?
Tạo Hợp đồng tín dụng đầu tiên,Create the first credit contract
Tạo giấy báo,Create the advice
Tạo giấy báo nợ NH đầu tiên,Create the first bank debit advice
Tạo hóa đơn,Create invoice
Tạo hợp đồng thuê tài sản đầu tiên,Create the first asset lease contract
Tạo khoản cho vay lại đầu tiên,Create the first on-lending
Tạo khế ước nhận nợ đầu tiên,Create the first promissory note
Tạo loại tài sản đảm bảo đầu tiên,Create the first collateral type
Tạo lại lịch lãi,Regenerate the interest schedule
"Tạo lại lịch lãi: giữ nguyên %(k)s kỳ đã ghi nhận/đã thanh toán, sinh mới %(m)s kỳ.","Interest schedule regenerated: %(k)s recognised or paid period(s) kept, %(m)s new period(s) created."
Tạo lịch Phí BL theo tần suất đã chọn? Các đợt Phí BL CHƯA thanh toán sẽ bị thay thế.,Generate the guarantee fee schedule at the chosen frequency? UNPAID fee instalments will be replaced.
Tạo lịch khấu hao,Generate the depreciation schedule
Tạo lịch thanh toán,Generate the payment schedule
Tạo lịch thanh toán trước khi kích hoạt.,Generate the payment schedule before activating.
Tạo một giấy báo NHÁP mới để rót tiếp phần tiền còn treo sang các kỳ khác? Số tiền này KHÔNG phải ngân hàng trích thêm — nó là phần chưa phân bổ của chính phiếu này.,Create a new DRAFT advice to pour the money still hanging into other periods? This is NOT a further bank collection — it is the unallocated part of this very advice.
Tạo phiếu chi,Create the payment
Tạo thanh toán cho kỳ này,Create a payment for this period
Tạo thông báo Nợ/Có đầu tiên,Create the first debit / credit notice
Tạo tài sản đảm bảo đầu tiên,Create the first collateral asset
Tạo đề nghị phát hành BL mới,Create a new guarantee issuance request
Tải template Excel,Download the Excel template
Tất cả TSBĐ áp dụng,All applicable collateral
Tất toán,Settle
Tất toán BL — khôi phục hạn mức %(f)s.,Guarantee settled — facility %(f)s limit restored.
Tất toán thủ công,Settle manually
Tần suất trả phí BL,Guarantee fee frequency
Tỉnh / Thành,Province / City
Tổ chức / Người định giá,Valuation firm / valuer
Tổ chức thẩm định giá,Valuation firm
Tổng,Total
"Tổng ""đã dùng"" của tất cả facility (mọi mục đích).","The total ""used"" across every facility, whatever the purpose."
Tổng BL đang chiếm hạn mức,Total guarantees consuming limit
Tổng Công ty Xây dựng ABC,ABC Construction Corporation
Tổng HM HĐTD,Credit contract total limit
Tổng HM khả dụng,Total limit available
Tổng KW,Total notes
Tổng Phí BL = 0 — nhập Tỷ lệ phí hoặc số tiền phí trước.,The total guarantee fee is 0 — enter a fee rate or a fee amount first.
Tổng cho vay lại,Total on-lent
Tổng cho vay lại (%(t)s) vượt số tiền KW nguồn '%(n)s' (%(a)s).,The total on-lent (%(t)s) exceeds the amount of source note '%(n)s' (%(a)s).
Tổng chênh lệch,Total difference
Tổng còn lại,Total remaining
Tổng còn phải trả,Total still due
Tổng còn phải trả (gốc + lãi + phí),Total still due (principal + interest + fee)
Tổng dư nợ (gốc + lãi),Total outstanding (principal + interest)
Tổng dư nợ dự án,Total project outstanding
Tổng dư nợ gốc,Total outstanding principal
Tổng dư nợ vượt cơ sở bảo đảm toàn HĐTD.,Total outstanding exceeds the borrowing base of the whole credit contract.
Tổng dư nợ đã dùng,Total outstanding used
Tổng giá trị các hồ sơ — phải bằng số tiền giải ngân.,Total value of the dossiers — must equal the disbursement amount.
Tổng giá trị tài sản,Total asset value
Tổng giải ngân,Total disbursed
Tổng giải ngân (%(t)s) vượt số tiền KW '%(n)s' (%(a)s).,Total disbursements (%(t)s) exceed the amount of note '%(n)s' (%(a)s).
Tổng gốc,Total principal
Tổng gốc đáng lẽ phải trả tính đến hôm nay theo kế hoạch.,The principal that should have been repaid by today under the plan.
Tổng hạn mức,Total limit
Tổng hạn mức HĐTD,Total credit contract limit
Tổng hạn mức HĐTD trừ đi tổng hạn mức đã cấp cho các facility.,The credit contract total limit less the limits already granted to the facilities.
Tổng hạn mức HĐTD đang là %(v)s đ — vượt ngưỡng 500.000 tỷ mà giao diện hiển thị chính xác được. Số này gần như chắc chắn do gõ thừa chữ số: kiểm lại rồi nhập lại.,"The credit contract total limit is %(v)s — beyond the 500,000 billion the interface can display accurately. It is almost certainly a digit too many: check it and enter it again."
"Tổng hạn mức các facility (%(fac)s) vượt quá tổng hạn mức HĐTD '%(name)s' (%(total)s). Σ limit luôn phải ≤ HĐTD — tick 'Hạn mức liên thông' chỉ chia sẻ phần thừa trong pool, không cho phép vượt total.","The facility limits (%(fac)s) exceed the total limit of credit contract '%(name)s' (%(total)s). Σ limits must always be ≤ the contract total — ticking 'Pooled limit' only shares spare headroom inside the pool, it never allows the total to be exceeded."
"Tổng hạn mức các facility (%(fac)s) vượt quá tổng hạn mức HĐTD (%(total)s). Σ limit luôn phải ≤ HĐTD — 'Hạn mức liên thông' trên facility chỉ chia sẻ phần thừa trong pool, không cho phép vượt total.","The facility limits (%(fac)s) exceed the credit contract total limit (%(total)s). Σ limits must always be ≤ the contract total — 'Pooled limit' only shares spare headroom inside the pool, it never allows the total to be exceeded."
Tổng hạn mức còn lại,Total limit remaining
Tổng hạn mức của các facility dưới HĐTD này.,The total of the facility limits under this credit contract.
Tổng hạn mức dự án,Total project limit
Tổng hạn mức hiện tại,Current total limit
Tổng hạn mức mới,New total limit
Tổng hạn mức mới phải > 0.,The new total limit must be > 0.
Tổng hạn mức mới vượt khả dụng thực tế theo TSBĐ.,The new total limit exceeds the actual availability from collateral.
Tổng hạn mức đã cấp,Total limit granted
Tổng hợp HĐTD (cho vay + bảo lãnh),Credit contract summary (lending + guarantees)
Tổng hợp phát sinh theo KW,Movements summarised by promissory note
Tổng khả dụng dự án,Total project availability
Tổng khả dụng thực tế,Total actual availability
Tổng ký cược,Total security deposits
Tổng kỳ (trước thuế),Period total (before tax)
Tổng lãi,Total interest
Tổng lãi dự kiến,Total planned interest
Tổng lãi tỷ giá,Total FX gain
Tổng lãi đến hạn theo lịch lãi (date_to ≤ today).,Total interest fallen due per the schedule (period end on or before today).
Tổng lỗ tỷ giá,Total FX loss
Tổng nhận nợ,Total drawn
"Tổng phân bổ dự án đang lớn hơn số tiền hạn mức — phần vượt hiện ở ô ""Chưa phân bổ"" dưới dạng số âm. Hệ thống vẫn cho lưu (phân bổ tạm), nhưng cần điều chỉnh lại phân bổ hoặc tăng hạn mức trước khi trình ngân hàng.","Total project allocation is larger than the limit — the excess shows in ""Not allocated"" as a negative number. Saving is still allowed (provisional allocation), but the allocation must be adjusted or the limit raised before going to the bank."
Tổng phân bổ đang,Total allocation is
Tổng phân bổ đang lớn hơn đóng góp base. Thường do định giá lại làm giá trị tài sản giảm sau khi đã phân bổ. Hệ thống KHÔNG chặn lúc định giá — phải vào sửa lại phân bổ.,Total allocation is larger than the base contribution. Usually because a revaluation lowered the asset value after the allocation was made. The system does NOT block the revaluation — the allocation has to be corrected.
Tổng phí KW,Total note fee
Tổng phải thanh toán,Total payable
Tổng phải trả,Total due
"Tổng phải trả kỳ này = 0, không cần tạo thanh toán.","Nothing is due this period, so no payment is needed."
Tổng quan,Overview
Tổng số tiền các khoản cho vay lại từ KW này.,The total on-lent out of this note.
Tổng số tiền trích thu,Total collected
Tổng số tiền đã bảo lãnh,Total guaranteed
Tổng số tiền đã cho vay,Total lent
Tổng tiền gốc theo lịch (%(t)s) vượt số tiền khế ước %(n)s (%(a)s). Chênh %(d)s.,"The scheduled principal (%(t)s) exceeds the amount of note %(n)s (%(a)s), by %(d)s."
Tổng trả,Total paid
Tổng trả gốc (%(t)s) vượt số tiền của KW '%(n)s' (%(d)s).,Total principal repaid (%(t)s) exceeds the amount of note '%(n)s' (%(d)s).
Tổng Đề nghị BL đã kích hoạt,Total activated guarantee requests
Tổng đang chờ NH,Total awaiting the bank
Tổng đã bảo lãnh,Total guaranteed
Tổng đã cho vay,Total lent
Tổng đã dùng,Total used
Tổng đã dùng (Σ facility),Total used (Σ facilities)
Tổng đã dùng đầu kỳ,Total opening amount used
Tổng đã sử dụng,Total used
Tổng đã thanh toán,Total paid
Tổng đã trả,Total paid
Tổng đảm bảo,Total secured
Từ ngày,From
Tự chuyển %(n)s giải ngân sang Đã giải ngân.,%(n)s disbursement(s) moved to Disbursed automatically.
Tự fill từ facility/note. Required với mọi cấp.,Filled in from the facility or the note. Required at every level.
Tự khai thêm,Added by the company
Tự net-off chênh lệch lẻ,Net off rounding differences automatically
Tự sinh khi lưu,Generated on save
Tự sinh khi save...,Generated on save...
Tự sinh theo Dự án của mục đích.,Generated from the project of the facility.
Tự tính = ngày nhận nợ + kỳ hạn; có thể sửa tay.,Computed as the note date plus the term; editable.
"Tự tổng ""Số tiền thuê"" của các tài sản khi đã khai đơn giá theo tài sản; nếu chưa khai thì nhập tay.","Sums the ""Rent amount"" of the assets automatically once a unit rent is recorded per asset; otherwise enter it by hand."
Tự động chuyển 'Đã giải ngân' khi KW kích hoạt.,Moved to 'Disbursed' automatically when the note is activated.
TỶ LỆ SỬ DỤNG HẠN MỨC,LIMIT UTILISATION
Tỷ giá đang ghi sổ,Carrying rate
Tỷ giá đánh giá lại,Revaluation rate
Tỷ lệ CV (%),Adv. rate (%)
"Tỷ lệ NH cho vay trên giá trị TSBĐ loại này (BĐS ~70, quyền đòi nợ ~50-70, tiền gửi ~95). Mặc định cho pledge — override được từng pledge. 0 = chưa khai → KHÔNG tính vào borrowing base.","The rate the bank lends against this collateral type (real estate ~70, receivables ~50-70, deposits ~95). Used as the pledge default — overridable per pledge. 0 = not recorded → EXCLUDED from the borrowing base."
"Tỷ lệ NH cho vay trên giá trị tài sản, theo loại tài sản. 0 = chưa khai → tài sản KHÔNG được tính vào cơ sở bảo đảm. Khai ở Cấu hình → Loại tài sản bảo đảm.","The rate the bank lends against the asset value, by asset type. 0 = not recorded → the asset is EXCLUDED from the borrowing base. Set it in Configuration → Collateral types."
Tỷ lệ cho vay (%),Advance rate (%)
Tỷ lệ ký quỹ (%),Margin deposit rate (%)
Tỷ lệ ký quỹ trên giá trị BL.,The margin deposit rate on the guarantee amount.
Tỷ lệ phí BL (%/năm),Guarantee fee rate (%/year)
Tỷ lệ phí NH thu trên giá trị BL theo năm.,The annual rate the bank charges on the guarantee amount.
Tỷ lệ phạt trả chậm (%/năm),Late penalty rate (%/year)
Tỷ lệ sử dụng hạn mức,Limit utilisation
Upload file Excel hoặc CSV theo template chuẩn. Cột bắt buộc:,Upload an Excel or CSV file in the standard template. Required columns:
Upload file chứng thư định giá (PDF/scan) — khách hàng #15.,Upload the valuation certificate (PDF or scan).
"Upload file, bấm","Upload the file, click"
User nhập khi kích hoạt. Mặc định = ngày kích hoạt.,Entered on activation. Defaults to the activation date.
"VD: ""IPC0006 CDT thanh toan dot 1"" — mã IPC trong nội dung sẽ được tự khớp.","E.g. ""IPC0006 CDT thanh toan dot 1"" — the IPC reference inside the description is matched automatically."
"VD: nhập nhầm ngày, NH báo lại ngày giải ngân thực tế","E.g. the date was mistyped, or the bank restated the actual disbursement date"
"VD: nhập nhầm ngày, ngân hàng thông báo lại ngày giải ngân thực tế.","E.g. the date was mistyped, or the bank restated the actual disbursement date."
VD: Điều chỉnh lãi kỳ 2-3 do thay đổi lãi suất 12.5% → 13% hiệu lực hồi tố 01/03/2026 theo PL số 03.,"E.g. interest adjusted on periods 2-3 for a rate change from 12.5% to 13%, backdated to 01/03/2026 under amendment 03."
VD: Điều chỉnh lãi kỳ 2-3 do thay đổi lãi suất 12.5% → 13% hiệu lực hồi tố 01/03/2026 theo Phụ lục 03...,"E.g. interest adjusted on periods 2-3 for a rate change from 12.5% to 13%, backdated to 01/03/2026 under amendment 03..."
"VD: đã bán, chuyển nhượng, hết giá trị sử dụng","E.g. sold, transferred, no longer usable"
"VD: đã bán, chuyển nhượng, hết giá trị sử dụng.","E.g. sold, transferred, no longer usable."
"VD: đã tất toán khoản vay, thay bằng tài sản khác, ngân hàng chấp thuận giảm bảo đảm.","E.g. the loan is settled, another asset replaced it, or the bank agreed to reduce the security."
"VD: đã tất toán khoản vay, thay bằng tài sản khác…","E.g. the loan is settled, another asset replaced it..."
VLĐ thi công · Chi phí nhân công,Construction working capital · Labour costs
"VLĐ thi công · Mua vật tư, nguyên vật liệu",Construction working capital · Materials purchase
VLĐ thi công · Thanh toán nhà thầu phụ,Construction working capital · Subcontractor payments
VLĐ thi công · Theo hợp đồng/gói thầu,Construction working capital · Per contract or package
VLĐ · Bổ sung vốn lưu động chung,Working capital · General working capital
Vay ngân hàng,Bank loan
Vay nội bộ,Intragroup loan
"Vd ""Cẩu tháp QTZ63"", ""Máy đào PC200"".","E.g. ""Tower crane QTZ63"", ""Excavator PC200""."
"Vd ""Trả nhà thầu A đợt 1"", ""Mua thiết bị..."".","E.g. ""Contractor A, instalment 1"", ""Equipment purchase...""."
Vì sao chưa nhắc được,Why no reminder was sent
Văn bản thế chấp,Pledge agreement
"Vượt giá trị còn lại của tài sản bảo đảm.

Tài sản: %(c)s
Giá trị hiện hành: %(v)s
Đang thế chấp ở nơi khác: %(u)s
Còn có thể thế chấp: %(r)s
Đang khai: %(s)s","Exceeds the remaining value of the collateral.

Asset: %(c)s
Current value: %(v)s
Already pledged elsewhere: %(u)s
Still pledgeable: %(r)s
Being recorded: %(s)s"
Vượt hạn mức bảo lãnh,Guarantee limit exceeded
Vượt hạn mức khả dụng,Exceeds the available limit
"Vật tư, hàng hoá.",Materials and goods.
Vết kiểm toán,Audit trail
Về Nháp,Back to draft
Vợ/Chồng,Spouse
Ward / Phường-Xã,Ward
West (Tây),West
Wizard chấm dứt sớm HĐ thuê,Lease early termination wizard
Wizard thanh lý HĐ thuê,Lease settlement wizard
"Xe, máy thi công, thiết bị.","Vehicles, construction machinery and equipment."
Xem HĐ hiệu lực »,View active contracts »
Xem HĐ đi thuê tài chính »,View finance lease contracts »
Xem HĐơn,View invoice
Xem chứng từ,View the document
Xem facility thiếu bảo đảm »,View under-collateralised facilities »
Xem kỳ đến hạn »,View periods due »
Xem trước & sửa,Preview & edit
Xoá dòng KW không điều chỉnh (icon 🗑) — không phải mọi KW đều đổi LS. Sửa tay LS mới từng dòng được.,Delete the notes that are not being changed (the 🗑 icon) — not every note moves. The new rate can be edited line by line.
Xác nhận + Allocate,Confirm and allocate
Xác nhận BL bị thu? NH sẽ phải trả tiền cho beneficiary.,Confirm the guarantee was called? The bank will have to pay the beneficiary.
Xác nhận NH đã chuyển tiền vào TK nhà thầu? Lịch lãi của KW sẽ tính từ Ngày NH duyệt.,Confirm the bank transferred the money to the contractor account? The interest schedule runs from the bank approval date.
Xác nhận chấm dứt,Confirm termination
Xác nhận giải tỏa Bảo lãnh / L-C? KW sẽ đóng và hạn mức được khôi phục.,Release the guarantee / L-C? The note closes and the limit is restored.
"Xác nhận giấy báo? Hệ thống sẽ tự allocate số tiền vào các kỳ lãi của KW theo thuật toán (lãi → gốc, cũ → mới).","Post the advice? The system allocates the money across the interest periods of the note (interest before principal, oldest period first)."
"Xác nhận kích hoạt đề nghị? Bắt đầu tính phí BL, và hạn mức bảo lãnh BỊ CHIẾM NGAY TỪ BƯỚC NÀY — không chờ tới lúc phát hành chứng thư. Huỷ đề nghị thì hạn mức được trả lại.",Activate this request? The guarantee fee starts accruing and the guarantee limit is CONSUMED FROM THIS STEP — not when the certificate is issued. Cancelling the request returns the limit.
Xác nhận phát hành chứng thư BL? Hệ thống sẽ tạo chứng thư BL chi tiết và đề nghị chuyển trạng thái Đã phát hành.,Issue the guarantee certificate? The system creates the detailed certificate and moves the request to Issued.
"Xác nhận sẽ: ghi bản định giá mới vào hồ sơ tài sản, cập nhật giá trị đảm bảo của bản ghi thế chấp, và","Confirming will: record the new valuation on the asset, update the secured value of the pledge, and"
Xác nhận thanh lý,Confirm settlement
Xác nhận tất toán BL? Hạn mức facility sẽ được khôi phục. (Có thể bỏ qua nếu chưa thanh toán đủ — bình thường nên đợi auto-settle khi đủ phí + ký quỹ + phạt + tiền gốc.),"Settle the guarantee? The facility limit will be restored. (It can be forced before everything is paid, but normally you wait for automatic settlement once fee, deposit, penalty and principal are all paid.)"
Xác nhận điều chỉnh,Confirm the adjustment
Xác nhận định giá lại,Confirm the revaluation
Xác nhận — tạo phụ lục hàng loạt,Confirm — create the amendments in bulk
You've entered gross or net area but left Sellable Area (Diện tích sử dụng) blank. This is the area that will appear on the sale contract (HĐMB) — please fill it in before activating the unit.,You entered a gross or net area but left the Sellable Area blank. That is the area printed on the sale contract — please fill it in before activating the unit.
[Bảo lãnh] {{ object.name }} hết hạn ngày {{ object.date_expiry }},[Guarantee] {{ object.name }} expires on {{ object.date_expiry }}
bán,sold
bị cap bởi phần umbrella còn lại của HĐTD,capped by the umbrella headroom left on the credit contract
chu kỳ %(o)s → %(n)s,frequency %(o)s → %(n)s
chưa chiếm hạn mức. Hạn mức chỉ bị chiếm khi KW được,does not consume limit yet. The limit is only taken when the note is
chưa có bút toán nào trên tài khoản vay,have no entry at all on the loan account
chưa có phiếu chi,no payment yet
chưa có sổ nhật ký chi,no payment journal
chưa khai PIC thì không được nhắc,without a person in charge no reminder is sent
chưa khai tài khoản đối ứng,no counter-account configured
chưa phân bổ,not allocated
chỉ chạy khi số còn phải trả của kỳ (gốc + lãi),only runs while what the period still owes (principal + interest)
chỉ tính và ghi vết,only computes and records
"chứng thư BL — xem theo dõi thanh toán, tất toán trên chứng thư:",the guarantee certificate — payment tracking and settlement are on the certificate:
còn,remaining
còn lại,remaining
"cần bên nhận tạm ứng (trả trước thì chưa có hoá đơn), và Σ giá trị hồ sơ phải bằng số tiền giải ngân.","needs an advance payee (money paid up front has no invoice yet), and Σ dossier values must equal the disbursement amount."
"cần một hoá đơn của nhà thầu, hồ sơ loại","needs an invoice from the contractor, a dossier of type"
của HĐTD.,of the credit contract.
của HĐTD. Chưa chia thì không mục đích nào tăng khả dụng.,"of the credit contract. Until it is split, no facility gains availability."
của HĐTD/facility. Toàn bộ thay đổi được log vào chatter HĐTD.,of the credit contract or facility. Every change is logged in the contract history.
"của hạn mức. Gửi NH chưa chiếm hạn mức — nhưng đến lúc kích hoạt, phần vượt sẽ không đủ chỗ.",of the facility. Sending a file to the bank does not consume limit — but at activation there will not be room for the excess.
"của khế ước, nút","of the note, the button"
của mọi mục; riêng,of every entry; only
"của mục dựng sẵn thì khoá, vì dữ liệu cũ tham chiếu theo mã.","of a built-in entry is locked, because existing data references the code."
dư nợ facility vượt base riêng (TSBĐ ring-fence của facility). Nghiệm thu thêm sản lượng với CĐT hoặc bổ sung TSBĐ.,facility outstanding exceeds its own base (collateral ring-fenced to the facility). Certify more work with the owner or pledge more collateral.
dự án %(o)s → %(n)s,project %(o)s → %(n)s
dựng sẵn,built-in
"e.g., The Green Bay - Vịnh Ngọc",e.g. The Green Bay - Ngoc Bay
ghi trên chứng thư. Chứng thư,recorded on the certificate. The certificate
"giải ngân chuyển TRỰC TIẾP về tài khoản nhà thầu, KHÔNG qua tài khoản tổng thầu. Cần điền đủ ""Bên nhận tiền"" + ""TK NH của Nhà thầu"" trước khi gửi NH duyệt.","a disbursement goes DIRECTLY to the contractor account, NOT through the main contractor account. Both ""Payee"" and ""Contractor bank account"" must be filled in before sending it to the bank."
giữ nguyên và để Δ bằng 0.,"are left as they are, with Δ at 0."
gốc tính lãi,the basis for interest
hạn mức khi trả gốc — đã rút là chiếm hạn mức đến hết kỳ.,"the limit when principal is repaid — once drawn, it is taken for the whole term."
hạn mức được,the limit is
"khi KW trả gốc. Vd KW vay 2 tỷ, trả gốc 1 tỷ → ""Đã sử dụng"" giảm còn 1 tỷ, ""Còn lại"" tăng thêm 1 tỷ.","when a note repays principal. A 2bn note repaid by 1bn drops ""Used"" to 1bn and adds 1bn back to ""Remaining""."
"khách hàng #12: khoản phí NH thu NGAY khi phát hành (như ký quỹ) — thành Đợt 1 riêng, hạn = ngày kích hoạt/phát hành. Phần còn lại (tổng phí − lần đầu) chia vào các kỳ theo tần suất. Để 0 nếu NH không thu trước.","The fee the bank charges IMMEDIATELY on issuance (like the deposit) — it becomes instalment 1 on its own, due on the activation / issue date. The rest (total fee − up-front amount) is spread over the periods at the chosen frequency. Leave 0 if the bank charges nothing up front."
không cộng,cannot be added up
không phải,is not
không vượt,does not exceed
"không vượt quá phần còn lại chưa thế chấp của tài sản — tính trên mọi HĐTD, không riêng HĐTD này.","must not exceed the unpledged remainder of the asset — counted across every credit contract, not just this one."
khế ước,promissory note
kích hoạt,activated
ký cược %(o)s → %(n)s,security deposit %(o)s → %(n)s
ký quỹ,margin deposit
là,is
"là chi phí (642 / 811),","is an expense (642 / 811),"
"là khoản đi vay khi NH trả thay cho beneficiary (3411). Chưa khai thì đợt thanh toán vẫn ghi nhận được, nhưng","is a borrowing when the bank pays the beneficiary on your behalf (3411). Without it an instalment can still be recorded, but"
"là số khai tay, cộng THÊM vào phần TSBĐ đã phân bổ chi tiết. Khi tách được tài sản nào ra khai phân bổ riêng, nhớ trừ bớt số khai tay xuống tương ứng — không thì cùng một tài sản được đếm hai lần.","is entered by hand and ADDED ON TOP of the collateral allocated in detail. Whenever an asset can be separated out and allocated on its own, reduce this manual figure accordingly — otherwise the same asset is counted twice."
lưu khế ước,the note is saved
lấy từ lịch lãi (mỗi kỳ tách thành 3 dòng tiền gốc + tiền lãi + tiền phí).,"comes from the interest schedule (each period becomes three rows: principal, interest and fee)."
lấy từ trả nợ thực tế (cũng tách gốc/lãi/phí).,"comes from the actual repayments (also split into principal, interest and fee)."
lỗ,loss
mà chưa giải tỏa! Cron tự đặt expired sau 7 ngày. Phí phạt:,and has not been released. A cron marks it expired after 7 days. Penalty:
mã,code
mục đích,facility
mục đích đang có — gồm 25 mục,purposes currently available — including the 25
nghĩa là tắt hẳn tính năng net-off.,switches netting off entirely.
ngày,days
ngày (đến,days (until
ngày. Phí phạt phải trả:,days. Penalty payable:
"ngân hàng trích thêm — nó là phần tiền còn treo của một giấy báo trước, nay rót sang kỳ khác. Đừng cộng vào tổng tiền NH đã trích.","a further bank collection — it is money left hanging on an earlier advice, now poured into other periods. Do not add it to the total the bank collected."
ngưỡng này. Vượt ngưỡng thì bắt buộc tạo,this threshold. Beyond it you must create a
nhận/trả lại đầy đủ,received / returned in full
"nên khi lưu, hệ thống",so on save the system
"nên không có số ghi sổ để so sánh. Các dòng đó bị loại khỏi bút toán đánh giá lại — post bút toán giải ngân cho chúng trước, rồi nạp lại.","so there is no carrying amount to compare against. Those lines are excluded from the revaluation entry — post their disbursement entries first, then load again."
"openpyxl chưa cài. Upload file CSV thay vì xlsx, hoặc liên hệ admin cài: pip install openpyxl","openpyxl is not installed. Upload a CSV instead of an xlsx, or ask an administrator to install it: pip install openpyxl"
phiếu chi thật,a real payment
phát hành,issued
phí BL,guarantee fee
phạt,penalty
phủ nghiệp vụ tổng thầu và các mục do đơn vị tự khai thêm. Sửa được,"covering main-contractor practice, plus whatever the company adds itself. You can change the"
re.guarantee.request state đang chờ.,Guarantee issuance requests still pending.
rồi,then
"sẽ được tạo. Dòng lỗi có thể sửa tay (cột ""Khế ước"", ""Kỳ"") hoặc bỏ qua.","will be created. A line in error can be fixed by hand (the ""Note"" and ""Period"" columns) or skipped."
sửa tay,edited by hand
theo Thông tư 10/2023/TT-NHNN. Kiểm tra trạng thái quy định hiện hành trước khi cấp.,under Circular 10/2023/TT-NHNN. Check the current state of the rules before granting it.
tiền gốc,principal
toàn bộ,the whole
"trong danh sách để tra cứu lịch sử, nhưng không đem thế chấp tiếp được và không tính vào giá trị bảo đảm.","in the list for historical reference, but it can no longer be pledged and counts for nothing as security."
truy hoàn (−),refund (−)
trên Hợp đồng tín dụng mới có dữ liệu để chọn — ô đó chỉ hiện chi nhánh thuộc đúng ngân hàng đã chọn ở trên.,on the credit contract has something to pick from — it only lists the branches of the bank chosen above.
"trên chứng thư), còn","on the certificate), while"
trả nợ chính thức,formal repayment
tài sản,asset
tên,name
tính lại Khả dụng thực tế,recompute the actual availability
tổng dư nợ đã vượt cơ sở bảo đảm toàn HĐTD — NH sẽ yêu cầu bổ sung TSBĐ hoặc trả bớt nợ. Tăng base bằng nghiệm thu thêm sản lượng với CĐT (quyền đòi nợ) hoặc thế chấp thêm tài sản.,total outstanding exceeds the borrowing base of the whole credit contract — the bank will require more collateral or partial repayment. Raise the base by certifying more work with the owner (receivables) or pledging more assets.
tổng hạn mức HĐTD,the credit contract total limit
tự phân bổ toàn bộ đóng góp base,allocates the entire base contribution automatically
tỷ giá — ghi,FX — posted as
và,and
"và chứng thư ra đời — kích hoạt đề nghị thì chưa. Hạn mức bị chiếm là hạn mức có mục đích ""Bảo lãnh ngân hàng"" trong HĐTD. Khi tất toán đủ (phí + ký quỹ + phạt) → tự khôi phục hạn mức.","and the certificate exists — merely activating the request does not. The limit consumed is the facility whose purpose is ""Bank guarantee"" in the credit contract. Once fee, deposit and penalty are all settled, the limit is restored automatically."
"vào hệ thống. Bỏ trống thì ""Còn lại"" sẽ báo nguyên hạn mức, tức mời đi rút một khoản ngân hàng đã giải ngân mất rồi.","into the system. Left empty, ""Remaining"" shows the full limit — inviting a drawdown the bank has already paid out."
vượt,exceeds
vượt Khả dụng thực tế theo TSBĐ,exceeds the actual availability from collateral
vượt hạn mức khả dụng của mục đích,exceeds the facility availability
vẫn hiển thị,is still shown
vắt ngang ngày hiệu lực,straddles the effective date
về mục đích đã chọn — không cần thêm dòng bên dưới. Muốn chia cho nhiều mục đích thì sửa lại các dòng này sau khi lưu.,"to the chosen facility — no extra line is needed below. To split it across several facilities, edit those lines after saving."
Áp dụng,Apply
Áp dụng phân bổ,Apply the allocation
Áp dụng phụ lục %(n)s (%(t)s): %(o)s → %(v)s,Amendment %(n)s applied (%(t)s): %(o)s → %(v)s
Áp dụng phụ lục %(name)s (%(type)s): %(old)s → %(new)s,Amendment %(name)s applied (%(type)s): %(old)s → %(new)s
Áp dụng phụ lục này vào hợp đồng? Thao tác điều chỉnh HĐ và tạo lại các kỳ chưa lên hóa đơn.,Apply this addendum to the contract? It amends the contract and regenerates the periods not yet invoiced.
Áp dụng vào kỳ,Apply to period
Ông/Bà,Grandparent
Đang bị chặn bởi,Blocked by
Đang chờ NH duyệt,Awaiting bank approval
Đang chờ ký kết - tài trợ dự án lớn.,Awaiting signature - financing for a major project.
Đang dùng,In use
Đang ghi sổ,Carried
Đang hiệu lực,Active
Đang quá hạn,Currently overdue
Đang thế chấp,Pledged
Đem thế chấp,Pledge
Đi thuê,Lease-in
"Đi thuê / Cho thuê lại × Hoạt động / Tài chính. Lịch gốc+lãi, hóa đơn từng kỳ, back-to-back cho thuê lại.","Lease-in / sublease × operating / finance. Principal-and-interest schedule, per-period invoicing, back-to-back subleasing."
Đi thuê hoạt động: TK chi phí thuê. Cho thuê lại hoạt động: TK doanh thu cho thuê. Bỏ trống → TK mặc định của sổ nhật ký hóa đơn.,Operating lease-in: the rent expense account. Operating sublease: the rental revenue account. Empty → the default account of the invoice journal.
Đi thuê tài chính: TK ghi nhận tài sản thuê tài chính.,Finance lease-in: the account the finance lease asset is recognised in.
Đi thuê tài chính: TK nợ gốc; dòng GỐC trên hóa đơn NCC từng kỳ ghi vào TK này → giảm nợ.,"Finance lease-in: the liability account; the PRINCIPAL line of each period supplier invoice posts here, reducing the liability."
Đi thuê: bên cho thuê (công ty leasing / chủ thiết bị). Cho thuê lại: bên thuê (nhà thầu phụ / công ty nội bộ).,Lease-in: the lessor (leasing company / equipment owner). Sublease: the lessee (subcontractor / group company).
Đi thuê: chi phí lãi (635). Cho thuê lại: doanh thu tài chính (515).,Lease-in: interest expense (635). Sublease: financial income (515).
Điền data vào file Excel,Fill the data into the Excel file
Điền nếu tài sản thuộc bên thứ ba bảo lãnh.,Fill it in when the asset belongs to a third-party guarantor.
"Điều 8 khoản 8/9/10 TT 39/2016 cấm 3 nhóm nhu cầu vốn này, NHƯNG đang NGƯNG hiệu lực từ 01/9/2023 theo TT 10/2023 và chưa được khôi phục. Giữ làm CỜ CẢNH BÁO, không chặn cứng — NHNN có thể khôi phục bất cứ lúc nào; khi đó chỉ cần đổi cờ.","Article 8, clauses 8/9/10 of Circular 39/2016 forbids these three funding needs, BUT it has been SUSPENDED since 01/9/2023 under Circular 10/2023 and not reinstated. Kept as a WARNING FLAG rather than a hard block — the central bank may reinstate it at any time, and then only the flag has to change."
"Điều 8 khoản 8/9/10 Thông tư 39/2016/TT-NHNN cấm nhóm nhu cầu vốn này, nhưng","Article 8, clauses 8/9/10 of Circular 39/2016/TT-NHNN forbids this funding need, but it is"
Điều chỉnh,Adjustment
Điều chỉnh <b>Ngày kích hoạt</b>: %(o)s → <b>%(n)s</b>.<br/>Lý do: %(r)s,<b>Activation date</b> changed: %(o)s → <b>%(n)s</b>.<br/>Reason: %(r)s
Điều chỉnh = dòng truy thu/truy hoàn sinh từ Thông báo Nợ/Có của NH (đổi lãi suất hồi tố). KHÔNG bị xoá khi regen lịch lãi.,An adjustment is a collection or refund line created from a bank debit/credit notice (a backdated rate change). It is NOT removed when the schedule is regenerated.
Điều chỉnh LS hàng loạt,Bulk rate change
Điều chỉnh LS hàng loạt theo văn bản NH %s,Bulk rate change under bank document %s
Điều chỉnh LS định kỳ quý 3/2026 theo thông báo NH...,Periodic rate change for Q3 2026 per the bank notice...
Điều chỉnh khác,Other amendment
Điều chỉnh lãi suất hàng loạt,Bulk interest rate change
Điều chỉnh ngày kích hoạt,Change the activation date
Điều chỉnh ngày kích hoạt khế ước,Change the activation date of a note
Điều chỉnh trách nhiệm / chi phí bảo trì,Amend maintenance responsibility / cost
Điều chỉnh trách nhiệm bảo trì,Amend maintenance responsibility
Điều chỉnh điều khoản thanh toán,Amend the payment terms
Điều chỉnh đơn giá hiện hỗ trợ thuê hoạt động.,Unit-rent amendments currently support operating leases.
Điều chỉnh đơn giá thuê,Amend the unit rent
Điều khoản thanh toán: %s,Payment terms: %s
"Điều khoản đặc biệt, mô tả mục đích BL...","Special terms, description of the guarantee purpose..."
Điều khoản đặc biệt...,Special terms...
Điều kiện thuê,Lease terms
Điều kiện tài chính,Financial terms
Đánh dấu Bị thu,Mark as called
Đánh dấu Hết hạn,Mark as expired
Đánh dấu đã giải ngân,Mark as disbursed
Đánh dấu đối tác là Bank/Lender trên Contact để hiện ở đây.,Flag the partner as a bank or lender on the contact for it to appear here.
Đánh dấu đối tác là tổ chức/công ty thẩm định giá — hiện trong dropdown chọn khi định giá TSBĐ.,Flag the partner as a valuation firm — it then appears in the dropdown when collateral is valued.
Đánh giá lại tỷ giá,FX revaluation
Đánh giá lại tỷ giá %(d)s — %(kw)s,FX revaluation %(d)s — %(kw)s
Đánh giá lại tỷ giá khoản vay ngoại tệ,FX revaluation of foreign-currency loans
Đáo hạn ≤ 30 ngày,Maturing ≤ 30 days
Đáo hạn ≤ 90 ngày,Maturing ≤ 90 days
Đã TC hết,Fully pledged
Đã allocate,Allocated
Đã bảo lãnh,Guaranteed
Đã cho vay,Lent
Đã cho vay lại,On-lent
Đã chuyển giao tài sản sang phải thu thuê TC: %(a)s (bút toán %(m)s).,Asset transferred to the finance lease receivable: %(a)s (entry %(m)s).
Đã chuyển phân bổ tiếp,Carried forward
Đã có %(n)s kỳ khấu hao ghi sổ — không tạo lại lịch được.,%(n)s depreciation period(s) are already posted — the schedule cannot be regenerated.
Đã có bút toán chuyển giao (%(m)s).,A transfer entry already exists (%(m)s).
Đã có bút toán ghi nhận (%(m)s).,A recognition entry already exists (%(m)s).
Đã có đợt Phí BL thanh toán (một phần) — không regen tự động được. Xoá/điều chỉnh tay các đợt chưa trả nếu cần.,Some fee instalments are already (partly) paid — the schedule cannot be regenerated automatically. Delete or adjust the unpaid instalments by hand if needed.
Đã cơ cấu,Restructured
Đã cấp,Granted
Đã cấp cho facility,Allocated to facilities
Đã duyệt,Approved
Đã dùng,Used
Đã dùng đầu kỳ,Opening amount used
Đã ghi nhận,Recognised
"Đã ghi nhận NH hoàn %(a)s ₫ ký quỹ — phiếu thu %(p)s, tất toán số dư %(acc)s.","Recorded the bank refunding %(a)s ₫ of margin deposit — receipt %(p)s, clearing the %(acc)s balance."
Đã ghi nhận hoàn ký quỹ bằng phiếu thu %s.,Deposit refund recorded with receipt %s.
Đã ghi nhận tài sản thuê TC: %(a)s (bút toán %(m)s).,Finance lease asset recognised: %(a)s (entry %(m)s).
Đã ghi sổ,Posted
Đã ghi sổ %(n)s kỳ khấu hao đến hạn.,%(n)s due depreciation period(s) posted.
Đã gia hạn,Extended
Đã giải chấp,Released
Đã giải ngân,Disbursed
Đã giải tỏa Bảo lãnh/L/C — hạn mức %(amt)s khôi phục vào facility '%(fac)s'.,Guarantee / L/C released — %(amt)s of limit restored to facility '%(fac)s'.
Đã gửi NH,Sent to the bank
Đã gửi hồ sơ KW '%(n)s' lên NH chờ duyệt — kèm %(d)s đợt giải ngân.,"Note '%(n)s' sent to the bank for approval, with %(d)s disbursement(s)."
Đã gửi hồ sơ giải ngân lên NH — chờ duyệt.,The disbursement file was sent to the bank and is awaiting approval.
Đã gửi thư nhắc hết hạn tới %(email)s.,Expiry reminder sent to %(email)s.
Đã gửi thư nhắc tới %(email)s.,Reminder sent to %(email)s.
Đã hoàn tất,Completed
Đã huỷ,Cancelled
Đã huỷ / giải toả,Cancelled / released
Đã huỷ giấy báo + revert %(c)s repayments.,Advice cancelled and %(c)s repayment(s) reversed.
Đã khấu hao,Depreciated
Đã khớp,Matched
Đã kích hoạt,Activated
Đã kết chuyển,Closed out
Đã lên hóa đơn,Invoiced
Đã lên hóa đơn (trước thuế),Invoiced (before tax)
Đã nhận/trả lại tài sản,Asset received / returned
"Đã nhắc rồi thì bao nhiêu ngày sau nhắc lại, chừng nào chứng thư chưa được xử lý. Để 0 thì dùng mặc định %s ngày.","Once a reminder has been sent, how many days before the next one, as long as the certificate is still untreated. 0 uses the default of %s days."
Đã phát hành,Issued
Đã phát sinh thanh toán trên BL này — không huỷ được. Tất toán thay vì huỷ.,Payments already exist on this guarantee — it cannot be cancelled. Settle it instead.
Đã phân bổ,Allocated
Đã phân bổ dự án,Allocated to projects
Đã phân bổ đủ,Fully allocated
Đã post,Posted
Đã quá hạn,Overdue
Đã regen lịch lãi do thay đổi ngày gốc (activation/note).,The interest schedule was regenerated because the base date changed (activation or note date).
"Đã sinh phiếu chi %(p)s — %(k)s %(a)s ₫, hạch toán vào %(acc)s.","Payment %(p)s generated — %(k)s %(a)s ₫, posted to %(acc)s."
Đã sử dụng,Used
Đã thanh lý,Settled
Đã thanh toán,Paid
Đã thanh toán (kỳ đã trả),Paid (periods settled)
Đã thanh toán đủ,Paid in full
Đã thế chấp hết,Fully pledged
Đã trả,Paid
Đã trả gốc,Principal repaid
"Đã trả gốc − Gốc đến hạn. Âm = chậm, dương = vượt KH.","Principal repaid − principal due. Negative means behind, positive means ahead of plan."
Đã trả lãi,Interest paid
Đã trả lãi − Lãi đến hạn.,Interest paid − interest due.
Đã trả phí BL (legacy),Guarantee fee paid (legacy)
Đã trả đủ,Fully paid
Đã tính,Computed
Đã tạo,Created
"Đã tạo giấy báo nợ NH. Mở form review + bấm ""Xác nhận + Allocate"" để allocate vào các kỳ lãi.","The bank debit advice was created. Open it, review it and click ""Confirm and allocate"" to spread it across the interest periods."
"Đã tạo lịch Phí BL: %(n)s đợt (%(freq)s), tổng %(amt)s ₫ — trả lần đầu %(first)s ₫, còn lại pro-rata theo số ngày từng đợt.","Guarantee fee schedule generated: %(n)s instalments (%(freq)s), total %(amt)s ₫ — %(first)s ₫ up front, the rest prorated by the days of each instalment."
Đã tạo lịch khấu hao %(m)s tháng × %(a)s.,Depreciation schedule generated: %(m)s months × %(a)s.
Đã tạo lịch thanh toán %(n)s kỳ.,Payment schedule generated: %(n)s periods.
Đã tạo phiếu phân bổ tiếp %(n)s cho %(c)s dòng còn treo.,Carry-forward advice %(n)s created for %(c)s hanging line(s).
Đã tất toán,Settled
Đã tất toán (legacy),Settled (legacy)
Đã xác nhận,Confirmed
Đã xác nhận giấy báo + allocate %(c)s dòng vào các kỳ lãi của KW.,Advice posted and %(c)s line(s) allocated across the interest periods of the note.
Đã áp dụng,Applied
Đã áp dụng vào Kỳ %(period)s — %(dir)s %(amt)s.,Applied to period %(period)s — %(dir)s %(amt)s.
Đã đối soát,Reconciled
Đã ẩn,Hidden
Đóng,Close
Đóng góp base,Base contribution
Đơn giá thuê,Unit rent
Đơn giá thuê (mới),Unit rent (new)
Đơn giá thuê / kỳ cho 1 đơn vị tài sản (trước thuế).,Rent per period for one unit of the asset (before tax).
Đơn giá thuê / kỳ cho tài sản bổ sung.,Rent per period for the added asset.
Đơn giá thuê / kỳ mới (áp dụng cho các kỳ chưa lên hóa đơn).,New rent per period (applies to the periods not yet invoiced).
Đơn giá thuê mới,New unit rent
Đơn giá: %(o)s → %(n)s,Unit rent: %(o)s → %(n)s
Đơn vị:,Entity:
Đường thẳng theo tháng. 0 = lấy bằng thời hạn thuê (số kỳ × chu kỳ).,Straight line by month. 0 = equal to the lease term (periods × frequency).
Được dùng vay nội bộ,May use intragroup lending
Được ghi sổ từ khế ước,Posted from the promissory note
Được net-off,Can be netted off
ĐẠI DIỆN BÊN A,FOR PARTY A
ĐẠI DIỆN BÊN B,FOR PARTY B
Đảo đánh giá lại tỷ giá %s,Reversal of FX revaluation %s
Đất dự án Khu A,"Project land, zone A"
"Đất, nhà, công trình trên đất.","Land, buildings and structures on it."
Đầu tư · Dài hạn / dự án,Investment · Long term / project
Đầu tư · Ngắn hạn,Investment · Short term
Đầu tư · Trung hạn,Investment · Medium term
Đặt LS mới đồng loạt,Set one new rate for all
Đặt lại (Mới),Reset to New
Đến hạn ≤30 ngày,Due ≤30 days
Đến ngày,To
Đề nghị BL,Guarantee request
Đề nghị BL chờ phát hành,Guarantee requests awaiting issuance
Đề nghị BL — %s,Guarantee request — %s
Đề nghị này đã có chứng thư BL — không phát hành mới.,This request already has a guarantee certificate — it cannot be issued again.
Đề nghị phát hành BL,Guarantee issuance request
Đề nghị phát hành BL chỉ chiếm hạn mức khi đã,A guarantee issuance request only consumes limit once it is
Đề nghị phát hành BL đã tạo ra chứng thư này. Link 2 chiều.,The issuance request that produced this certificate. Two-way link.
Đề nghị phát hành Bảo lãnh,Guarantee issuance request
Để gửi NH duyệt,To submit to the bank
Địa điểm mới,New location
Định giá,Valuation
Định giá hết hạn,Valuation expired
Định giá hết hạn — cần định giá lại,Valuation expired — a new one is needed
Định giá lại,Revalue
Định giá lại TSBĐ,Revalue the collateral
Định giá lại từ HĐTD %s,Revalued from credit contract %s
Định giá mới,New valuation
Định giá mới nhất đã quá hạn hiệu lực. Ngân hàng sẽ yêu cầu định giá lại trước khi cho rút thêm.,The latest valuation has expired. The bank will require a new one before allowing any further drawdown.
Định giá tài sản đảm bảo,Collateral valuation
Định giá đã hết hạn,The valuation has expired
Đối chiếu,Reconcile
Đối chiếu dư nợ loan-side vs accounting-side (TK Vay).,Reconcile the loan-side outstanding against the accounting side (loan account).
Đối soát vào,Reconciled against
Đối tác,Counterparty
Đối tác (NH),Counterparty (bank)
Đối tác công ty,Company partner
Đối ứng phiếu chi khi hoàn lại ngân hàng số tiền NH đã trả thay cho beneficiary (3411).,Counter-account of the payment repaying the bank what it paid the beneficiary (3411).
"Đối ứng phiếu chi khi nộp ký quỹ, và đối ứng phiếu thu khi ngân hàng hoàn ký quỹ lúc giải toả BL (244). Đây là TÀI SẢN, không phải chi phí.","Counter-account of the payment placing the margin deposit, and of the receipt when the bank refunds it on release (244). This is an ASSET, not an expense."
Đối ứng phiếu chi khi trả phí bảo lãnh (642).,Counter-account of the payment of the guarantee fee (642).
Đối ứng phiếu chi khi trả phạt quá hạn (811).,Counter-account of the payment of the late penalty (811).
Đồng tiền,Currency
Đồng tiền hạch toán,Accounting currency
Đổi giá trị BL,Change the guarantee amount
Đổi lãi suất,Change the rate
Đổi lịch trả gốc,Change the principal repayment plan
Đổi mục đích,Change the purpose
Đổi người thụ hưởng,Change the beneficiary
Đổi số tiền,Change the amount
Đổi tài sản đảm bảo,Change the collateral
Đổi địa điểm / dự án,Change location / project
Đổi địa điểm: %s,Location changed: %s
"Đợt %(n)s - Phí BL (%(f)s → %(t)s, %(d)s ngày)","Instalment %(n)s - guarantee fee (%(f)s → %(t)s, %(d)s days)"
Đợt %s - %s,Instalment %s - %s
Đợt chưa có phiếu chi,Instalments with no payment
Đợt giải ngân %(r)s của KW '%(n)s': số tiền phải lớn hơn 0.,Disbursement %(r)s of note '%(n)s': the amount must be greater than 0.
Đợt này đã thanh toán đủ. Không cần tạo lần thanh toán mới.,This instalment is already paid in full. No further payment is needed.
Đợt thanh toán,Instalment
"Đợt thanh toán %(k)s %(a)s ₫ ngày %(d)s CHƯA sinh được phiếu chi: %(why)s. Khai xong rồi bấm ""Tạo phiếu chi"" trên dòng đó.","Instalment %(k)s %(a)s ₫ dated %(d)s has NO payment generated: %(why)s. Fix that, then click ""Create the payment"" on the line."
Đợt thanh toán BL,Guarantee instalments
Đợt thanh toán Chứng thư BL (kế hoạch),Guarantee certificate instalment (planned)
Đợt thanh toán chưa được lưu — bấm Lưu (Ctrl+S) Chứng thư trước khi ghi nhận thanh toán.,The instalment is not saved — save the certificate (Ctrl+S) before recording a payment.
Đợt thanh toán còn Nháp — xác nhận trước đã.,The instalment is still draft — confirm it first.
Đợt thanh toán mà lần này thuộc về. Có thể để trống nếu là thanh toán ngoài kế hoạch.,The instalment this payment belongs to. May be left empty for an unplanned payment.
Đợt thanh toán này đã có phiếu chi %s.,This instalment already has payment %s.
Đợt thanh toán phải thuộc cùng chứng thư BL.,The instalment must belong to the same guarantee certificate.
Đợt thanh toán Đề nghị BL,Guarantee request instalments
Đủ,Complete
đang chạy dở,already running
đang chờ NH duyệt,awaiting bank approval
đang ngưng hiệu lực từ 01/9/2023,suspended since 01/9/2023
đã hết hiệu lực,has expired
đã nhân tỷ lệ cho vay,already multiplied by the advance rate
đã thanh lý,disposed of
đã vượt phần,already exceeds the
"đóng góp base, thường do định giá lại làm giá trị tài sản giảm sau khi đã chia. Sửa lại các dòng bên dưới.","the base contribution, usually because a revaluation lowered the asset value after the split. Correct the lines below."
"được chẻ hai đoạn: phần trước giữ lãi suất cũ, phần sau tính lãi suất mới. Kỳ có số lãi",is split in two: the earlier part keeps the old rate and the later part takes the new one. A period whose interest was
được với nhau — TSBĐ chung là bể dùng chung. IPC dự án nào chỉ gánh dự án đó. Muốn xem TỔNG của dự án trên toàn HĐTD: mở HĐTD → tab,with each other — shared collateral is a common pool. An IPC only carries its own project. To see a project TOTAL across the whole credit contract: open the credit contract → tab
để chia sẻ phần thừa hạn mức với các facility KHÁC cùng tick liên thông (vd: Vay đầu tư còn 200 tỷ liên thông với Bảo lãnh còn 100 tỷ → pool 300 tỷ dùng chung). Σ limit luôn ≤ tổng HĐTD — liên thông KHÔNG bypass total.,to share spare limit with the OTHER facilities that are also pooled (e.g. investment lending with 200bn left pooled with guarantees with 100bn left gives a shared pool of 300bn). Σ limits always stays ≤ the contract total — pooling NEVER bypasses it.
để giữ vết kiểm toán. Đặt ngưỡng,to keep the audit trail. Setting the threshold to
để kiểm tra,to validate
"để mở lại form đó và cấu hình sâu (phân bổ dự án, TSĐB). ""","to reopen that form and configure it in depth (project allocation, collateral). """
để tác động vào HĐ + tạo lại các kỳ chưa lên hóa đơn. Mở dòng để khai chi tiết theo loại phụ lục.,to apply it to the contract and regenerate the periods not yet invoiced. Open a line to fill in the details for that addendum type.
để tạo units,to create the units
để tự nạp khi tạo KW.,so it loads automatically when a note is created.
"để ẩn khỏi ô chọn — đừng xoá, hạn mức cũ còn tham chiếu tới.","to hide it from the selection — do not delete it, existing facilities still reference it."
địa điểm: %s,location: %s
"đọc thẳng từ sổ cái (Σ Có − Σ Nợ trên tài khoản vay của khế ước), không quy đổi lại từ sổ vay — nhờ vậy lần đánh giá sau không tính trùng phần chênh lệch của lần trước.","read straight from the ledger (Σ credits − Σ debits on the note loan account), never re-derived from the loan ledger — so the next revaluation does not count the previous difference twice."
"Σ ""đã dùng"" của facility bảo lãnh = Σ giá trị BL outstanding (issued + extended, chưa settled).","The ""used"" of a guarantee facility = Σ outstanding guarantees (issued and extended, not yet settled)."
"Σ ""đã dùng"" của facility cho vay = Σ dư nợ gốc các KW chưa tất toán + KW chưa kích hoạt.","The ""used"" of a lending facility = Σ outstanding principal of the unsettled notes plus the notes not yet activated."
Σ Có,Σ credits
Σ HM bảo lãnh,Σ guarantee limit
Σ KH gốc,Σ principal plan
Σ KH lãi,Σ interest plan
Σ Nợ,Σ debits
Σ Số dư,Σ balance
Σ amount_interest của các repayment đã tạo từ dòng trích thu này — lãi đã trả vào các kỳ sau khi post.,Σ interest of the repayments created from this collection line — the interest paid into the periods after posting.
Σ amount_paid của interest_line trong năm hiện tại.,Σ amount_paid of the interest lines in the current year.
Σ amount_principal của các repayment đã tạo từ dòng trích thu này — gốc đã trả vào các kỳ sau khi post.,Σ principal of the repayments created from this collection line — the principal paid into the periods after posting.
Σ borrowing base (giá trị TSBĐ × tỷ lệ cho vay) của các HĐTD đang hiệu lực có quản TSBĐ.,Σ borrowing base (collateral value × advance rate) of the active credit contracts that track collateral.
Σ cho vay được,Σ lendable
Σ chênh lệch,Σ difference
Σ chưa allocate,Σ not allocated
Σ các kỳ thuê (đi thuê) chưa thanh toán đến hạn trong 30 ngày tới.,Σ unpaid lease instalments (as lessee) falling due in the next 30 days.
Σ còn lại,Σ remaining
Σ dư nợ,Σ outstanding
Σ dư nợ gốc,Σ outstanding principal
Σ dư nợ gốc các HĐ ĐI THUÊ tài chính đang hiệu lực (app Thuê tài sản) — nghĩa vụ tín dụng ngoài vay NH.,Σ outstanding principal of active finance lease contracts AS LESSEE (Asset Leasing app) — credit obligations outside bank loans.
Σ dư nợ gốc các KW của dự án này trên facility (KW nháp/huỷ/tất toán không tính).,Σ outstanding principal of this project's notes on the facility (draft / cancelled / settled notes excluded).
Σ dư nợ gốc các KW của dự án này trên toàn HĐTD.,Σ outstanding principal of this project's notes across the whole credit contract.
Σ giá trị,Σ amount
"Σ giá trị TSBĐ (đã nhân tỷ lệ cho vay) phân bổ cho mục đích này, chỉ tính văn bản thế chấp đang hiệu lực.","Σ collateral value (already multiplied by the advance rate) allocated to this facility, counting active pledges only."
"Σ giá trị chứng thư BL ở trạng thái Đã phát hành, Đã gia hạn hoặc BỊ THU. Chứng thư bị thu vẫn chiếm hạn mức cho tới khi tất toán.","Σ amount of guarantee certificates that are issued, extended or CALLED. A called certificate keeps consuming limit until it is settled."
Σ giá trị hồ sơ,Σ dossier value
Σ giá trị hồ sơ (%(d)s) khác số tiền giải ngân (%(a)s). Chênh lệch: %(b)s. Điều chỉnh cho khớp trước khi gửi NH.,Σ dossier value (%(d)s) differs from the disbursement amount (%(a)s). Difference: %(b)s. Reconcile them before submitting to the bank.
Σ giá trị đảm bảo (,Σ secured value (
"Σ giá trị đảm bảo của các thế chấp đang hiệu lực (qua tất cả HĐTD, các NH).","Σ secured value of the active pledges, across every credit contract and every bank."
"Σ giá trị đề nghị BL đã kích hoạt nhưng CHƯA phát hành chứng thư. Phần này ĐÃ CHIẾM hạn mức (backlog 732): kích hoạt là giữ chỗ, không chờ tới lúc ngân hàng phát hành chứng thư. Phát hành xong thì chứng thư chiếm thay, tổng không đổi.","Σ amount of guarantee requests that are activated but NOT yet issued. This already CONSUMES limit: activation reserves it, without waiting for the bank to issue the certificate. Once issued, the certificate consumes it instead and the total is unchanged."
Σ gốc,Σ principal
Σ gốc còn,Σ principal left
Σ hóa đơn NCC đã vào sổ của chính HĐ này (trước thuế).,Σ posted supplier invoices of this contract itself (before tax).
Σ hóa đơn bán đã vào sổ của các HĐ cho thuê lại link về HĐ này (trước thuế).,Σ posted sales invoices of the sublease contracts linked back to this contract (before tax).
Σ hạn mức các facility (%(a)s) vượt tổng hạn mức HĐTD (%(t)s).,The facility limits (%(a)s) exceed the credit contract total (%(t)s).
Σ hạn mức các facility (%(a)s) vượt tổng hạn mức HĐTD mới (%(t)s). Giảm bớt phân bổ hoặc tăng tổng hạn mức.,The facility limits (%(a)s) exceed the new credit contract total (%(t)s). Reduce the allocation or raise the total.
Σ hạn mức của facility có mục đích = Bảo lãnh.,Σ limits of the facilities whose purpose is a guarantee.
Σ hạn mức của facility có mục đích KHÁC bảo lãnh (vốn lưu động + đầu tư + L/C + thấu chi + tài trợ + tái cấp vốn + khác).,"Σ limits of the facilities whose purpose is anything OTHER than a guarantee (working capital, investment, L/C, overdraft, financing, refinancing and the rest)."
"Σ khả dụng của dự án qua các facility, NHƯNG bị CAP bởi phần umbrella còn lại của HĐTD (borrowing base tổng − dư nợ tổng). Không phải phép cộng đơn thuần: các facility dùng chung bể TSBĐ nên cộng thẳng sẽ thổi phồng.","Σ project availability across the facilities, BUT CAPPED by the umbrella headroom of the credit contract (total borrowing base − total outstanding). Not a plain sum: the facilities share one collateral pool, so adding them up would inflate the figure."
"Σ khả dụng thực tế các HĐTD active = min(hạn mức, cơ sở bảo đảm) − dư nợ. Số RÚT ĐƯỢC hôm nay theo TSBĐ hiện hữu.","Σ actual availability of the active credit contracts = min(limit, borrowing base) − outstanding. What can be DRAWN today against the collateral on hand."
Σ lãi,Σ interest
Σ lãi còn,Σ interest left
Σ phân bổ,Σ allocated
Σ phí,Σ fee
Σ phải trả,Σ due
"Σ phần chênh lệch đã bù trừ vào kỳ này — cộng từ các dòng trả nợ do nút ""Net-off chênh lệch"" sinh ra, dù bấm ở kỳ lịch lãi hay ở dòng trích thu tự động.","Σ of the differences absorbed into this period — from the repayment lines created by the ""Net off the difference"" button, whether clicked on the interest period or on the automatic collection line."
"Σ số tiền các KW đang ở trạng thái ""Đã gửi NH"" — hồ sơ đã gửi nhưng ngân hàng chưa ký nhận nợ.
Phần này CHƯA trừ vào ""Đã sử dụng"": chỉ khi KW được KÍCH HOẠT mới chiếm hạn mức.
Nhìn ô này để biết còn bao nhiêu hồ sơ đang nằm ở ngân hàng — nếu ""Đang chờ NH duyệt"" lớn hơn ""Còn lại"" thì đến lúc duyệt sẽ có hồ sơ không kích hoạt được.","Σ of the notes that are ""Sent to the bank"" — filed but not yet signed off by the bank.
This is NOT deducted from ""Used"": only ACTIVATION consumes limit.
It tells you how much is sitting at the bank — if ""Awaiting bank approval"" is larger than ""Remaining"", some files will not be activatable when approval comes."
Σ số tiền phân bổ cho dự án này trên MỌI facility của cùng HĐTD.,Σ amount allocated to this project across EVERY facility of the same credit contract.
Σ số tiền đã chuyển sang các phiếu phân bổ tiếp (bỏ phiếu đã huỷ). Huỷ phiếu con thì tiền quay lại đây.,Σ moved onto carry-forward advices (cancelled ones excluded). Cancelling a child advice brings the money back here.
Σ trả gốc,Σ principal repaid
Σ trả lãi,Σ interest paid
Σ trả phí,Σ fees paid
Σ đã allocate,Σ allocated
Σ đã chuyển,Σ carried forward
Σ đã phân bổ,Σ allocated
Σ đã sử dụng của các facility dưới HĐTD.,Σ amount used by the facilities under the credit contract.
Σ đã thế chấp,Σ pledged
Σ đã trả,Σ paid
Σ đóng góp của MỌI pledge đang thế chấp thuộc HĐTD (cấp HĐTD + facility + KW) = trần theo tài sản.,Σ contribution of EVERY active pledge under the credit contract (contract level + facility + note) = the asset-side ceiling.
Σ đảm bảo,Σ secured
Ảnh hưởng,Impact
"— BL sẽ tự tất toán khi lưu, hạn mức được khôi phục.",— the guarantee will settle itself on save and the limit will be restored.
"— chênh lệch hồi tố sẽ được tính sẵn, mở lại phụ lục này là thấy bảng.",— the backdated difference is computed for you; reopen this amendment and the table is there.
"— các TS này CHƯA tham gia cơ sở bảo đảm, định giá lại chúng sẽ không làm đổi Khả dụng thực tế. Khai tỷ lệ ở tab","— these assets are NOT yet in the borrowing base, and revaluing them will not change the actual availability. Record the rate on the tab"
— có thể đem TS này thế chấp thêm cho HĐTD khác (cùng NH hoặc NH khác).,"— this asset can still secure another credit contract, at the same bank or a different one."
— hệ thống nhắc trong nhật ký chứng thư.,— the system logs a reminder in the certificate history.
"— không biết gửi cho ai, mà gửi cả nhóm thì thành thư rác.","— there is nobody to send it to, and mailing the whole group would just be spam."
"— không phải phép cộng đơn thuần, vì các facility dùng chung bể TSBĐ.","— not a plain sum, because the facilities share one collateral pool."
"— không sửa lịch lãi, không sinh bút toán, không cấn trừ. Kỳ đã thanh toán thường đã khoá sổ, và việc đưa phần lệch vào đâu là quyết định chính sách, không phải hệ quả của phép trừ.","— it does not touch the interest schedule, post any entry or offset anything. Paid periods are usually closed, and where the difference goes is a policy decision, not the result of a subtraction."
— phần đó không làm tăng khả dụng của mục đích nào.,— that part raises no facility's availability.
— thế chấp khai ở màn hình,— pledges are recorded on the screen
"— tài sản 100 tỷ, tỷ lệ 70% thì chia tối đa 70 tỷ. Sửa ở đây hay ở form văn bản thế chấp đều được, cùng một bảng dữ liệu.","— an asset of 100bn at a 70% rate can be split up to 70bn. Edit it here or on the pledge form, it is the same table."
"— tài sản bảo đảm đã phân bổ cho mục đích này chưa đỡ đủ. Ngân hàng nhiều khả năng chưa duyệt rút phần vượt. Muốn tăng khả dụng: phân bổ thêm TSĐB cho mục đích, nghiệm thu thêm sản lượng với chủ đầu tư, hoặc trả bớt dư nợ.","— the collateral allocated to this facility does not cover it. The bank is unlikely to approve drawing the excess. To raise availability: allocate more collateral to the facility, certify more work with the owner, or repay part of the outstanding debt."
→ BL sắp hết hạn ≤30d,→ Guarantees expiring ≤30d
→ Giấy báo nợ chờ áp dụng,→ Debit advices awaiting posting
→ HĐTD hiệu lực,→ Active credit contracts
→ HĐTD sắp hết hạn ≤90d,→ Credit contracts expiring ≤90d
→ Hạn mức bảo lãnh,→ Guarantee limits
→ Hạn mức cho vay,→ Lending limits
→ Hồ sơ giải ngân chờ duyệt,→ Disbursement dossiers awaiting approval
→ KW còn dư nợ,→ PNs with outstanding balance
→ KW sắp đáo hạn ≤30d,→ PNs maturing ≤30d
→ KW sắp đáo hạn ≤90d,→ PNs maturing ≤90d
→ Xử lý BL hết hạn,→ Handle expired guarantees
→ Xử lý KW quá hạn,→ Handle overdue PNs
→ Xử lý kỳ lãi quá hạn,→ Handle overdue interest periods
"→ mở form khai đầy đủ (loại, mục đích, kỳ hạn, lãi suất, Dự án + Hợp đồng).","→ opens the full form (type, purpose, term, rate, project and contract)."
→ Đề nghị BL chờ phát hành,→ Guarantee requests awaiting issuance
⏳ Workflow đang chờ xử lý,⏳ Pending workflow items
⚙ Tạo lịch phí BL,⚙ Generate the fee schedule
⚠ BL hết hạn chưa gia hạn,⚠ Expired guarantees not renewed
⚠ Có,⚠ There are
⚠ Có kỳ đã trả sau hiệu lực,⚠ Some periods were paid after the effective date
⚠ Cảnh báo (cần xử lý ngay),⚠ Alerts (act now)
⚠ Cần thông báo,⚠ A notice is needed
⚠ Dư nợ KW quá hạn,⚠ Overdue PN principal
⚠ Hết hạn,⚠ Expired
⚠ KW quá hạn,⚠ Overdue PNs
⚠ Kỳ lãi quá hạn chưa trả,⚠ Unpaid overdue interest periods
⚠ Phụ lục %(pl)s hiệu lực %(d)s nhưng %(n)s kỳ đã thanh toán sau ngày này KHÔNG bị tính lại. Chờ NH phát hành Thông báo Nợ/Có (truy thu/truy hoàn) rồi ghi nhận tại menu Quản lý Vay → Thông báo Nợ/Có.,"⚠ Amendment %(pl)s takes effect on %(d)s, but %(n)s period(s) paid after that date are NOT recomputed. Wait for the bank to issue a debit or credit notice, then record it under Loan Management → Debit / credit notices."
⚠ Số tiền khế ước,⚠ The note amount
⚠ Tổng hạn mức mới,⚠ The new total limit
🏗 Borrowing base — khả dụng theo TSBĐ,🏗 Borrowing base — availability from collateral
🏗 Thuê tài chính (tham khảo — app Thuê tài sản),🏗 Finance leases (reference — Asset Leasing app)
🏦 Bảo lãnh,🏦 Guarantees
💼 Hạn mức (Facility) — tách Cho vay vs Bảo lãnh,💼 Facilities — lending vs guarantee split
📊 Tổng quan trực quan,📊 Visual overview
📋 Hợp đồng tín dụng (HĐTD),📋 Credit contracts
📝 Khế ước nhận nợ (KW),📝 Promissory notes
🔄 Tải danh sách KW theo bộ lọc,🔄 Load the notes matching the filter
